-- MySQL dump 10.13  Distrib 5.6.20, for Linux (x86_64)
--
-- Host: localhost    Database: notaria_respaldo
-- ------------------------------------------------------
-- Server version	5.6.20

use notaria;

-- Dumping data for table `tbcfgm20`
--

LOCK TABLES `tbcfgm20` WRITE;
/*!40000 ALTER TABLE `tbcfgm20` DISABLE KEYS */;
INSERT INTO `tbcfgm20` VALUES ('2a5f49848089973e150126a43d98c70e','Constancia de fólios',NULL,'eccbc87e4b5ce2fe28308fd9f2a7baf3','8D05A55984B22FD9C1EF24170BDC4D23','2014-07-07 16:54:24','N/A',NULL),('4079cef94db695a4431286940c9f801b','Certificado de gravamenes',NULL,'eccbc87e4b5ce2fe28308fd9f2a7baf3','74EEF7329D03491E25B10EC75AE720DA','2014-06-25 13:57:45','N/A',NULL),('4db5242084acbc5f20ae2e6232ec1fa8','Constancia_de_no_adeudo_de_agua',NULL,'eccbc87e4b5ce2fe28308fd9f2a7baf3','74EEF7329D03491E25B10EC75AE720DA','2014-06-25 13:58:25','N/A',NULL),('a51677e44f41ebcfbd7fabac4989dba4','Avaluo',NULL,'eccbc87e4b5ce2fe28308fd9f2a7baf3','74EEF7329D03491E25B10EC75AE720DA','2014-06-25 13:58:52','N/A',NULL),('ae2307b393a47c3393505916c5e1bcde','Acta de matrimonio',NULL,'eccbc87e4b5ce2fe28308fd9f2a7baf3','73D19B3BA5765D13FCE420B3DF97476B','2014-06-25 13:57:19','N/A',NULL),('bedc79104ac0297aa0bfb15961d5ef5b','Constancia de no adeudo de predial',NULL,'eccbc87e4b5ce2fe28308fd9f2a7baf3','74EEF7329D03491E25B10EC75AE720DA','2014-06-25 13:58:08','N/A',NULL),('f62f0777032364360ef660c4e2d51c92','Solicitud de constancia de zonificación',NULL,'eccbc87e4b5ce2fe28308fd9f2a7baf3','74EEF7329D03491E25B10EC75AE720DA','2014-06-25 13:59:15','N/A',NULL),('fadc142524a4ea84e14e11c83ac6e2f8','Documento excención de ISR',NULL,'eccbc87e4b5ce2fe28308fd9f2a7baf3','73D19B3BA5765D13FCE420B3DF97476B','2014-06-25 13:59:50','N/A',NULL);
/*!40000 ALTER TABLE `tbcfgm20` ENABLE KEYS */;
UNLOCK TABLES;

--
-- Dumping data for table `tbcfgm21`
--

LOCK TABLES `tbcfgm21` WRITE;
/*!40000 ALTER TABLE `tbcfgm21` DISABLE KEYS */;
INSERT INTO `tbcfgm21` VALUES (286,'a51677e44f41ebcfbd7fabac4989dba4','fecha_hoy','${var:fecha_hoy}'),(287,'a51677e44f41ebcfbd7fabac4989dba4','valuador','${frm:desc_inmueble[inm_referencia]}'),(288,'a51677e44f41ebcfbd7fabac4989dba4','comprador','${var:compareciente_nombre(tipo=COMPRADOR)}'),(289,'a51677e44f41ebcfbd7fabac4989dba4','vendedor','${var:compareciente_nombre(tipo=VENDEDOR)}'),(290,'a51677e44f41ebcfbd7fabac4989dba4','cuenta_predial','${frm:ant_sit_catastral[ant_num_cta_predial]}'),(291,'a51677e44f41ebcfbd7fabac4989dba4','cuenta_agua','${frm:ant_sit_catastral[ant_num_cta_agua]}'),(292,'a51677e44f41ebcfbd7fabac4989dba4','descripcion_inmueble','${frm:desc_inmueble[inm_desc_inmueble]}'),(293,'a51677e44f41ebcfbd7fabac4989dba4','expediente','${var:numero_expediente}'),(294,'a51677e44f41ebcfbd7fabac4989dba4','expediente_footer','${var:numero_expediente}'),(295,'f62f0777032364360ef660c4e2d51c92','calle_inmueble','${frm:desc_inmueble[inm_calle]}'),(296,'f62f0777032364360ef660c4e2d51c92','no_exterior_inmueble','${frm:desc_inmueble[inm_num_ext]}'),(297,'f62f0777032364360ef660c4e2d51c92','no_interior_inmueble','${frm:desc_inmueble[inm_num_interior]}'),(298,'f62f0777032364360ef660c4e2d51c92','manzana_inmueble','${frm:desc_inmueble[inm_manzana]}'),(299,'f62f0777032364360ef660c4e2d51c92','lote_inmueble','${frm:desc_inmueble[inm_lote]}'),(300,'f62f0777032364360ef660c4e2d51c92','colonia_inmueble','${frm:desc_inmueble[inm_colonia]}'),(301,'f62f0777032364360ef660c4e2d51c92','delegacion_inmueble','${frm:desc_inmueble[inm_delegacion]}'),(302,'f62f0777032364360ef660c4e2d51c92','cp_inmueble','${frm:desc_inmueble[inm_codigo_postal]}'),(303,'f62f0777032364360ef660c4e2d51c92','cuenta_predial','${frm:ant_sit_catastral[ant_num_cta_predial]}'),(304,'f62f0777032364360ef660c4e2d51c92','superficie_predio','${frm:desc_inmueble[inm_superficie]}'),(305,'f62f0777032364360ef660c4e2d51c92','expediente','${var:numero_expediente}'),(306,'f62f0777032364360ef660c4e2d51c92','expediente_2','${var:numero_expediente}'),(307,'2a5f49848089973e150126a43d98c70e','nombre_cliente','${var:compareciente_nombre_nombre(tipo=COMPRADOR)}'),(308,'2a5f49848089973e150126a43d98c70e','apellido_pat_cliente','${var:compareciente_nombre_paterno(tipo=COMPRADOR)}'),(309,'2a5f49848089973e150126a43d98c70e','apellido_mat_cliente','${var:compareciente_nombre_materno(tipo=COMPRADOR)}'),(310,'2a5f49848089973e150126a43d98c70e','notaria_numero','${var:notaria_numero}'),(311,'2a5f49848089973e150126a43d98c70e','notaria_notario','${var:notaria_notario_documento}'),(312,'2a5f49848089973e150126a43d98c70e','calle_inmueble','${frm:desc_inmueble[inm_calle]}'),(313,'2a5f49848089973e150126a43d98c70e','lote_inmueble','${frm:desc_inmueble[inm_lote]}'),(314,'2a5f49848089973e150126a43d98c70e','manzana_inmueble','${frm:desc_inmueble[inm_manzana]}'),(315,'2a5f49848089973e150126a43d98c70e','colonia_inmueble','${frm:desc_inmueble[inm_colonia]}'),(316,'2a5f49848089973e150126a43d98c70e','delegacion_inmueble','${frm:desc_inmueble[inm_delegacion]}'),(317,'2a5f49848089973e150126a43d98c70e','denominacion_inmueble','${var:telefono}'),(318,'2a5f49848089973e150126a43d98c70e','razon_social_registral','${var:telefono}'),(319,'2a5f49848089973e150126a43d98c70e','notaria_notario_2','${var:notaria_notario_documento}'),(320,'2a5f49848089973e150126a43d98c70e','notaria_numero_2','${var:notaria_numero}'),(321,'2a5f49848089973e150126a43d98c70e','numero_inmueble','${frm:desc_inmueble[inm_num_ext]}'),(322,'2a5f49848089973e150126a43d98c70e','superficie','${frm:desc_inmueble[inm_superficie]}'),(323,'2a5f49848089973e150126a43d98c70e','gestor','${var:documento_gestor}'),(324,'2a5f49848089973e150126a43d98c70e','nombre_registral','${var:compareciente_nombre_nombre(tipo=VENDEDOR)}'),(325,'2a5f49848089973e150126a43d98c70e','apellido_pat_registral','${var:compareciente_nombre_paterno(tipo=VENDEDOR)}'),(326,'2a5f49848089973e150126a43d98c70e','apellido_mat_registral','${var:compareciente_nombre_materno(tipo=VENDEDOR)}'),(327,'2a5f49848089973e150126a43d98c70e','folio','${var:escritura_folio}'),(328,'2a5f49848089973e150126a43d98c70e','observaciones','${frm:operacion[op_observa_doc_folios]}'),(329,'2a5f49848089973e150126a43d98c70e','expediente','${var:numero_expediente}'),(330,'2a5f49848089973e150126a43d98c70e','expediente_2','${var:numero_escritura}'),(331,'4079cef94db695a4431286940c9f801b','nombre_cliente','${var:compareciente_nombre_nombre(tipo=COMPRADOR)}'),(332,'4079cef94db695a4431286940c9f801b','apellido_pat_cliente','${var:compareciente_nombre_paterno(tipo=COMPRADOR)}'),(333,'4079cef94db695a4431286940c9f801b','apellido_mat_cliente','${var:compareciente_nombre_materno(tipo=COMPRADOR)}'),(334,'4079cef94db695a4431286940c9f801b','notaria_numero','${var:notaria_numero}'),(335,'4079cef94db695a4431286940c9f801b','notaria_notario','${var:notaria_notario_documento}'),(336,'4079cef94db695a4431286940c9f801b','calle_inmueble','${frm:desc_inmueble[inm_calle]}'),(337,'4079cef94db695a4431286940c9f801b','lote_inmueble','${frm:desc_inmueble[inm_lote]}'),(338,'4079cef94db695a4431286940c9f801b','manzana_inmueble','${frm:desc_inmueble[inm_manzana]}'),(339,'4079cef94db695a4431286940c9f801b','colonia_inmueble','${frm:desc_inmueble[inm_colonia]}'),(340,'4079cef94db695a4431286940c9f801b','delegacion_inmueble','${frm:desc_inmueble[inm_delegacion]}'),(341,'4079cef94db695a4431286940c9f801b','denominacion_inmueble','${var:telefono}'),(342,'4079cef94db695a4431286940c9f801b','nombre_registral','${var:compareciente_nombre_nombre(tipo=VENDEDOR)}'),(343,'4079cef94db695a4431286940c9f801b','apellido_pat_registral','${var:compareciente_nombre_paterno(tipo=VENDEDOR)}'),(344,'4079cef94db695a4431286940c9f801b','apellido_mat_registral','${var:compareciente_nombre_materno(tipo=VENDEDOR)}'),(345,'4079cef94db695a4431286940c9f801b','razon_social_registral','${var:telefono}'),(346,'4079cef94db695a4431286940c9f801b','notaria_notario_2','${var:notaria_notario_documento}'),(347,'4079cef94db695a4431286940c9f801b','notaria_numero_2','${var:notaria_numero}'),(348,'4079cef94db695a4431286940c9f801b','nombre_gestor','${var:documento_gestor}'),(349,'4079cef94db695a4431286940c9f801b','no_ext_inmueble','${frm:desc_inmueble[inm_num_ext]}'),(350,'4079cef94db695a4431286940c9f801b','superficie','${frm:desc_inmueble[inm_superficie]}'),(351,'4079cef94db695a4431286940c9f801b','folio','${var:escritura_folio}'),(352,'4079cef94db695a4431286940c9f801b','observaciones','${frm:operacion[op_observa_doc_grav]}'),(353,'4079cef94db695a4431286940c9f801b','expediente','${var:numero_expediente}'),(354,'4079cef94db695a4431286940c9f801b','expediente_2','${var:numero_expediente}'),(362,'bedc79104ac0297aa0bfb15961d5ef5b','notaria_notario','${var:notaria_notario_documento}'),(363,'bedc79104ac0297aa0bfb15961d5ef5b','notaria_rfc','${var:notaria_notario_rfc}'),(364,'bedc79104ac0297aa0bfb15961d5ef5b','fecha_hoy','${var:fecha_hoy}'),(365,'bedc79104ac0297aa0bfb15961d5ef5b','cuenta_predial','${frm:ant_sit_catastral[ant_num_cta_predial]}'),(366,'bedc79104ac0297aa0bfb15961d5ef5b','notaria_notario_2','${var:notaria_notario_documento}'),(367,'bedc79104ac0297aa0bfb15961d5ef5b','expediente','${var:numero_expediente}'),(368,'4db5242084acbc5f20ae2e6232ec1fa8','calle','${frm:desc_inmueble[inm_calle]}'),(369,'4db5242084acbc5f20ae2e6232ec1fa8','colonia_toma','${frm:desc_inmueble[inm_colonia]}'),(370,'4db5242084acbc5f20ae2e6232ec1fa8','cp_toma','${frm:desc_inmueble[inm_codigo_postal]}'),(371,'4db5242084acbc5f20ae2e6232ec1fa8','telefono_toma','${var:telefono}'),(372,'4db5242084acbc5f20ae2e6232ec1fa8','numero_cuenta_toma','${frm:ant_sit_catastral[ant_num_cta_agua]}'),(373,'4db5242084acbc5f20ae2e6232ec1fa8','fecha_hoy','${var:fecha_hoy}'),(374,'4db5242084acbc5f20ae2e6232ec1fa8','notaria_notario','${var:notaria_notario_documento}'),(375,'4db5242084acbc5f20ae2e6232ec1fa8','numero_cuenta_toma_2','${frm:ant_sit_catastral[ant_num_cta_agua]}'),(376,'4db5242084acbc5f20ae2e6232ec1fa8','numero','${frm:desc_inmueble[inm_num_ext]}'),(377,'4db5242084acbc5f20ae2e6232ec1fa8','expediente','${var:numero_expediente}');
/*!40000 ALTER TABLE `tbcfgm21` ENABLE KEYS */;
UNLOCK TABLES;

--
-- Dumping data for table `tbbsnm64`
--

LOCK TABLES `tbbsnm64` WRITE;
/*!40000 ALTER TABLE `tbbsnm64` DISABLE KEYS */;
INSERT INTO `tbbsnm64` VALUES (1,NULL,'c4ca4238a0b923820dcc509a6f75849b','1c383cd30b7c298ab50293adfecb7b18','ae2307b393a47c3393505916c5e1bcde',0,''),(2,NULL,'c4ca4238a0b923820dcc509a6f75849b','1c383cd30b7c298ab50293adfecb7b18','a51677e44f41ebcfbd7fabac4989dba4',1,'v'),(3,NULL,'c4ca4238a0b923820dcc509a6f75849b','1c383cd30b7c298ab50293adfecb7b18','4079cef94db695a4431286940c9f801b',2,'g'),(4,NULL,'c4ca4238a0b923820dcc509a6f75849b','1c383cd30b7c298ab50293adfecb7b18','4db5242084acbc5f20ae2e6232ec1fa8',3,'g'),(5,NULL,'c4ca4238a0b923820dcc509a6f75849b','1c383cd30b7c298ab50293adfecb7b18','f62f0777032364360ef660c4e2d51c92',4,'g'),(6,NULL,'c4ca4238a0b923820dcc509a6f75849b','1c383cd30b7c298ab50293adfecb7b18','fadc142524a4ea84e14e11c83ac6e2f8',0,''),(7,NULL,'c4ca4238a0b923820dcc509a6f75849b','1c383cd30b7c298ab50293adfecb7b18','bedc79104ac0297aa0bfb15961d5ef5b',4,'g'),(8,NULL,'c4ca4238a0b923820dcc509a6f75849b','1c383cd30b7c298ab50293adfecb7b18','2a5f49848089973e150126a43d98c70e',2,'g');
/*!40000 ALTER TABLE `tbbsnm64` ENABLE KEYS */;
UNLOCK TABLES;

-- Dump completed on 2014-09-29 17:39:37