INSERT INTO `tbbsnm04` VALUES ('a81b81d404b220f505990ed3a479a903','Mi documento','65c46e1746bd217858a14d4d2969f903',NULL,1,'/home/yomero/uploaded/41aede79e58098933d51fcf03b3bc9be/1401382121117_Firefox_wallpaper.png',NULL,NULL,'2014-05-29','2014-05-29','Nuevo archvo original','216D308299D5E37A9466F2FA93E50F6B','2014-05-29 16:48:41');
INSERT INTO `tbbsnm08` VALUES ('9ddcf02d416773d330b0e89bc0b73914','182be0c5cdcd5072bb1864cdee4d3d6e','Mi plantilla nueva',0,NULL,1,'<p>Nuevo texto de plantilla</p>\n','CBBF78627F29716C64629CACE6FBD0C7','2014-05-30 20:00:55'),('dba7196063567958c01bee2976ab655c','02e74f10e0327ad868d138f2b4fdd6f0','Plantilla uno',0,NULL,1,'<p>texto de plantilla uno modifdicado y publicado</p>\n','A4A0F0DB7DE928FAEF31F50508ED58E4','2014-05-21 20:45:19'),('dba7196063567958c01bee2976ab655c','02e74f10e0327ad868d138f2b4fdd6f0','Plantilla uno',1,NULL,1,'<p>texto de plantilla uno modifdicado y publicado otra pendejada guardada</p>\n','A4A0F0DB7DE928FAEF31F50508ED58E4','2014-05-21 20:45:19'),('dba7196063567958c01bee2976ab655c','02e74f10e0327ad868d138f2b4fdd6f0','Plantilla uno',2,NULL,0,'<p>texto de plantilla uno modifdicado y publicado</p>\n','CD1892ED6D43DD5A1930404BE1C977A9','2014-05-21 20:45:19');
INSERT INTO `tbbsnm09` VALUES ('0036b8faa3f6642621aad9c85fa214c9','0fec7eb5c7e88091339f89cea0953c92','2895f9218cb8979779052e72a9c421d5',NULL,NULL,NULL,'2014-02-20','','',NULL,'','','','',0,'TOMO3','','','','',NULL,NULL,NULL,NULL,NULL,NULL,'','2014-02-20 06:00:00'),('4a72a495a8fbadc5b97a92398ee3f710','0fec7eb5c7e88091339f89cea0953c92','2895f9218cb8979779052e72a9c421d5',NULL,NULL,NULL,'2014-02-20','','',NULL,'','','','',0,'TOMO2','','','','',NULL,NULL,NULL,NULL,NULL,NULL,'','2014-02-20 06:00:00'),('4d57a3c1c116997c378f76b951ea354a','0fec7eb5c7e88091339f89cea0953c92','2895f9218cb8979779052e72a9c421d5',NULL,NULL,NULL,'2014-02-20','','',NULL,'','','','',0,'TOMO1','','','','',NULL,NULL,NULL,NULL,NULL,NULL,'','2014-02-20 06:00:00');
INSERT INTO `tbbsnm10` VALUES ('4baa523d0323f12c250f8230d8d4c607','97d5a1144f881bd7fa545ec6e3c084a7','2895f9218cb8979779052e72a9c421d5','b3f3b2092b4a7ec5c8e7e5c275ea66a6',0,'0','','',0,0,0,0,0,0,0,0,0,0,0,NULL,'','2014-03-12 06:00:00');
INSERT INTO `tbbsnm11` VALUES ('1c75304b766483fb854e14050ca74c75','Los Llanos de la Puebla','','2014-03-19 06:00:00'),('989455bd99abfee1b291e4dde09bd24f','Puebla de Morelia','','2014-03-19 06:00:00'),('ea8a29e5753b7f449efd01a969b1d1b1','Heroica Puebla','','2014-03-19 06:00:00');
INSERT INTO `tbbsnm12` VALUES ('003c2a66b5a37b641f89e2b6426ee336','','','',0,'','','','','','','qewwqeqw','','',NULL,'38065B32DCBF9F6040FAB6CBFD38CC91','2014-05-23 20:25:14'),('00533f63a07ddbdf032963ba21411d0b','','','',0,'','','','','','','asdasdad','','',NULL,'138EC9D81DE2706C07B4BD4CC070B8AC','2014-05-23 20:50:06'),('0fec7eb5c7e88091339f89cea0953c92','Distrito Federal','Toluca','Mexico',NULL,'Girasoles','Girasoles','Calle girasoles','','','','','','',NULL,'','2014-02-19 06:00:00'),('240f2364d797749411e740d3e6849241','','','',0,'','','','','','','sadsa','','',NULL,'138EC9D81DE2706C07B4BD4CC070B8AC','2014-05-23 20:44:40'),('2f0037b795c434d8034383ef4459337f','defeño','azcapo','azcapo',NULL,'nueva santa maria',NULL,'cocoteros','02800',NULL,'6',NULL,'baldi','mordida',NULL,'7983AF251DF08B7652B6D2B319A2E3F5','2014-05-12 20:59:35'),('479bb599e9b236d058b6f5bb1d187180','','','',0,'','','','','','','sadsad','','',NULL,'2D3E6D7913E008A04CE27FF3601538AC','2014-05-23 20:55:49'),('5d41ae964ea3f2861089068f4f9cd0fb','','','',0,'','','','','','','sdfsdf','','',NULL,'2D3E6D7913E008A04CE27FF3601538AC','2014-05-23 20:59:14'),('a9dd40a48d712b75e10e40804d86de80','','','',0,'','','','','','','sdfsdf','','',NULL,'2D3E6D7913E008A04CE27FF3601538AC','2014-05-23 20:58:18'),('b3fd73b26afced66a08385fcb0952570','','','',0,'','','','','','','asdsad','','',NULL,'138EC9D81DE2706C07B4BD4CC070B8AC','2014-05-23 20:48:47'),('b93f2c27d9419aab5e4b223feffc16c2','','','',0,'','','','','','','asdasdasdasdas','','',NULL,'2D3E6D7913E008A04CE27FF3601538AC','2014-05-23 20:56:53'),('c4ca4238a0b923820dcc509a6f75849b','D.F','Alvaro Obregon','D.F',0,'Col. San Angel','San Angel','Altavista','01049','','83','','','','avenida revolucion','sesion','2014-05-11 21:23:09'),('e42c1acae9f74236fc3906f6835718de','','','',0,'','','','','','','sadasd','','',NULL,'2D3E6D7913E008A04CE27FF3601538AC','2014-05-23 20:55:13'),('e68a260cc6b35a9625f75a5fdfd758ec','','','',0,'','','','','','','asdasdasd','','',NULL,'138EC9D81DE2706C07B4BD4CC070B8AC','2014-05-23 20:39:09'),('ef895f876a358cc7104fcc6a9ab086ac','','','',0,'','','','','','','zxczxc','','',NULL,'2D3E6D7913E008A04CE27FF3601538AC','2014-05-23 20:57:46');
INSERT INTO `tbbsnm13` VALUES ('5144e8f433db908049d35aa042606d64','Distrito Federal','','2014-03-19 06:00:00'),('be587cf514da05117e2f541bab92d805','Puebla','','2014-03-19 06:00:00'),('c04f579b2fdc2cde3e870c622d5821cf','Oaxaca','','2014-03-19 06:00:00');
INSERT INTO `tbbsnm14` VALUES ('55e7e5565774610533cf25d1ab70555f','Toluca','','2014-03-19 06:00:00'),('6d8e8c79d5a5e6074d48712b9da2bc6a','Donato Guerra','','2014-03-19 06:00:00'),('864703bacd5b343868292a2af0de72df','Villa de Allende','','2014-03-19 06:00:00');
INSERT INTO `tbbsnm15` VALUES ('c2beaabd6ffe8507ba51f2f9e7f61013','San rafael','','2014-03-19 06:00:00'),('e46fbb884cfedfe4eff58518004b3643','Girasoles','','2014-03-19 06:00:00'),('e801a90e2a35406c165dc371766f7c9d','Los heroes','','2014-03-19 06:00:00');
INSERT INTO `tbbsnm16` VALUES ('1','98','c://uploaded//','c4ca4238a0b923820dcc509a6f75849b','c4ca4238a0b923820dcc509a6f75849b','2014-05-11 21:23:09','sesion1'),('2','24','c://uploaded//','c4ca4238a0b923820dcc509a6f75849b','c4ca4238a0b923820dcc509a6f75849b','2014-05-11 21:23:09','sesion1'),('622104743167f42c53223a6c0d2cb150','24','','0fec7eb5c7e88091339f89cea0953c92','33e68487e9a7a516204e507d261f4de8','2014-02-18 06:00:00',''),('c7931f6e9e3c3e7becae90a9c4877ad4','34',NULL,'2f0037b795c434d8034383ef4459337f','35470010b4f85b0298f8998e3440983e','2014-05-12 20:59:35','7983AF251DF08B7652B6D2B319A2E3F5'),('cc34dda9f540a3067063d2876215994e','98','','0fec7eb5c7e88091339f89cea0953c92','6006506e3013f55853510891d7f360be','2014-02-28 06:00:00','');
INSERT INTO `tbbsnm17` VALUES ('02e74f10e0327ad868d138f2b4fdd6f0','Protocolización de poder otorgado en el extranjero','descripcion','c20ad4d76fe97759aa27a0c99bff6710','idsesion','2014-05-11 21:23:08'),('0986ef3bd287278b4a4f1d7c0b6cb370','Nuevo acto dos del charly','Nuevo acto para charly','59675d815fd43c8eb870fb133a433a3c','A4A0F0DB7DE928FAEF31F50508ED58E4','2014-05-21 21:06:45'),('165719577953e8ac1820242661efd29b','Cancelacion Hipoteca','','c293ea43d7b2c2a3919a0f5e3b9d4d0b','','2014-02-11 06:00:00'),('1679091c5a880faf6fb5e6087eb1b2dc','Dacion de pago','descripcion','c4ca4238a0b923820dcc509a6f75849b','idsesion','2014-05-11 21:23:07'),('182be0c5cdcd5072bb1864cdee4d3d6e','AC','descripcion','aab3238922bcc25a6f606eb525ffdc56','idsesion','2014-05-11 21:23:08'),('19ca14e7ea6328a42e0eb13d585e4c22','Declaraciones','descripcion','c74d97b01eae257e44aa9d5bade97baf','idsesion','2014-05-11 21:23:08'),('1a5b9e8a7c964f1acc358c8cacefd541','Nuevo nombre del acto','Descripcion del acto','e949655a2914dba1be7202e66170385b','AA4607D02333F2F402EF955E86AFC247','2014-05-21 16:22:13'),('1c383cd30b7c298ab50293adfecb7b18','Ratificacion','descripcion','9bf31c7ff062936a96d3c8bd1f8f2ff3','idsesion','2014-05-11 21:23:08'),('1f0e3dad99908345f7439f8ffabdffc4','Subdivision','descripcion','1679091c5a880faf6fb5e6087eb1b2dc','idsesion','2014-05-11 21:23:08'),('1ff1de774005f8da13f42943881c655f','Intestamentaria','descripcion','d3d9446802a44259755d38e6d163e820','idsesion','2014-05-11 21:23:08'),('276aea2888fca5dacd21b7467ca90c75','asd','asddsa','e949655a2914dba1be7202e66170385b','AA4607D02333F2F402EF955E86AFC247','2014-05-21 16:25:49'),('33e75ff09dd601bbe69f351039152189','Persona física','descripcion','c51ce410c124a10e0db5e4b97fc2af39','idsesion','2014-05-11 21:23:08'),('34173cb38f07f89ddbebc2ac9128303f','SA (de CV)','descripcion','aab3238922bcc25a6f606eb525ffdc56','idsesion','2014-05-11 21:23:08'),('37693cfc748049e45d87b8c7d8b9aacd','Testamentario','descripcion','d3d9446802a44259755d38e6d163e820','idsesion','2014-05-11 21:23:08'),('3c59dc048e8850243be8079a5c74d079','Cancelacion de hipoteca','descripcion','c9f0f895fb98ab9159f51fd0297e236d','idsesion','2014-05-11 21:23:08'),('45c48cce2e2d7fbdea1afc51c7c6ad26','Convenio modificatorio','descripcion','c81e728d9d4c2f636f067f89cc14862c','idsesion','2014-05-11 21:23:07'),('4e732ced3463d06de0ca9a15b6153677','Testamento Publico Abierto','descripcion','6512bd43d9caa6e02c990b0a82652dca','idsesion','2014-05-11 21:23:08'),('4f00571f7a7230848063d6c48eda7d85','Compraventa','','c293ea43d7b2c2a3919a0f5e3b9d4d0b','','2014-02-21 06:00:00'),('5c4e3471fb1bf3497b35e6a363a88640','zcx','adssad','e949655a2914dba1be7202e66170385b','AA4607D02333F2F402EF955E86AFC247','2014-05-21 16:26:22'),('6364d3f0f495b6ab9dcf8d3b5c6e0b01','S de RL (de CV)','descripcion','aab3238922bcc25a6f606eb525ffdc56','idsesion','2014-05-11 21:23:08'),('6512bd43d9caa6e02c990b0a82652dca','Apertura de credito con garantia hipotecaria','descripcion','eccbc87e4b5ce2fe28308fd9f2a7baf3','idsesion','2014-05-11 21:23:08'),('6a1062dc08c9aa83bd34d1bc94d84e1f','Nuevo acto de notaria nueva','Nueva notaria','59675d815fd43c8eb870fb133a433a3c','95FD6C675AEC1FCAF9216E66942E3D7D','2014-05-30 20:20:28'),('6ea9ab1baa0efb9e19094440c317e21b','Persona moral','descripcion','c51ce410c124a10e0db5e4b97fc2af39','idsesion','2014-05-11 21:23:08'),('6f4922f45568161a8cdf4ad2299f6d23','Fusion','descripcion','e4da3b7fbbce2345d7772b0674a318d5','idsesion','2014-05-11 21:23:08'),('70efdf2ec9b086079795c442636b55fb','Modificacion','descripcion','a87ff679a2f3e71d9181a67b7542122c','idsesion','2014-05-11 21:23:08'),('72e5a612d9403eeb7383a8d4bf256443','nuevo acto de notaria nueva','nueva notaria','da031e760194508088b2e2e8f3789977','95FD6C675AEC1FCAF9216E66942E3D7D','2014-05-30 20:22:07'),('8e296a067a37563370ded05f5a3bf3ec','Testamento Publico Simple','descripcion','6512bd43d9caa6e02c990b0a82652dca','idsesion','2014-05-11 21:23:08'),('8f14e45fceea167a5a36dedd4bea2543','Transmision de propiedad y ejecucion de fideicomiso y extincion parcial del mismo','descripcion','c4ca4238a0b923820dcc509a6f75849b','idsesion','2014-05-11 21:23:07'),('98f13708210194c475687be6106a3b84','Relotificacion de inmueble','descripcion','8f14e45fceea167a5a36dedd4bea2543','idsesion','2014-05-11 21:23:08'),('9bf31c7ff062936a96d3c8bd1f8f2ff3','Prenda','descripcion','eccbc87e4b5ce2fe28308fd9f2a7baf3','idsesion','2014-05-11 21:23:08'),('a5bfc9e07964f8dddeb95fc584cd965d','Fe de hechos','descripcion','70efdf2ec9b086079795c442636b55fb','idsesion','2014-05-11 21:23:08'),('a87ff679a2f3e71d9181a67b7542122c','Adjudicacion por herencia','descripcion','c4ca4238a0b923820dcc509a6f75849b','idsesion','2014-05-11 21:23:07'),('aab3238922bcc25a6f606eb525ffdc56','Reconocimiento de adeudo con garantia hipotecaria','descripcion','eccbc87e4b5ce2fe28308fd9f2a7baf3','idsesion','2014-05-11 21:23:08'),('b6d767d2f8ed5d21a44b0e5886680cb9','Cancelacion de reserva de dominio','descripcion','45c48cce2e2d7fbdea1afc51c7c6ad26','idsesion','2014-05-11 21:23:08'),('ba905428d22dbf42f833eb3e4164a8f5','Nuevo acto','Asi quedo','e949655a2914dba1be7202e66170385b','AA4607D02333F2F402EF955E86AFC247','2014-05-21 16:25:08'),('bdeb6a8e453f5f7da76a31ba435e1275','Otra sub operacion','Descripcion del acto','e949655a2914dba1be7202e66170385b','AA4607D02333F2F402EF955E86AFC247','2014-05-21 16:23:01'),('c0767388c7cb394bd8ba2563783f9a34','Nuevo acto','Agrego nuevo acto','59675d815fd43c8eb870fb133a433a3c','A4A0F0DB7DE928FAEF31F50508ED58E4','2014-05-21 21:05:41'),('c16a5320fa475530d9583c34fd356ef5','SAPI (de CV)','descripcion','aab3238922bcc25a6f606eb525ffdc56','idsesion','2014-05-11 21:23:08'),('c20ad4d76fe97759aa27a0c99bff6710','Mutuo con garantia hipotecaria','descripcion','eccbc87e4b5ce2fe28308fd9f2a7baf3','idsesion','2014-05-11 21:23:08'),('c4ca4238a0b923820dcc509a6f75849b','Compraventa','descripcion','c4ca4238a0b923820dcc509a6f75849b','idsesion','2014-05-11 21:23:07'),('c51ce410c124a10e0db5e4b97fc2af39','Convenios modificatorios','descripcion','eccbc87e4b5ce2fe28308fd9f2a7baf3','idsesion','2014-05-11 21:23:08'),('c74d97b01eae257e44aa9d5bade97baf','Constitucion','descripcion','a87ff679a2f3e71d9181a67b7542122c','idsesion','2014-05-11 21:23:08'),('c81e728d9d4c2f636f067f89cc14862c','Donacion','descripcion','c4ca4238a0b923820dcc509a6f75849b','idsesion','2014-05-11 21:23:07'),('c9f0f895fb98ab9159f51fd0297e236d','Aportacion al fideicomiso de garantia, administracion, etc','descripcion','c81e728d9d4c2f636f067f89cc14862c','idsesion','2014-05-11 21:23:07'),('d3d9446802a44259755d38e6d163e820','Reversion de propiedad en ejecucion de fideicomiso y extension del mismo','descripcion','c81e728d9d4c2f636f067f89cc14862c','idsesion','2014-05-11 21:23:07'),('e369853df766fa44e1ed0ff613f563bd','SC','descripcion','aab3238922bcc25a6f606eb525ffdc56','idsesion','2014-05-11 21:23:08'),('e4da3b7fbbce2345d7772b0674a318d5','Adjudicacion por remate judicial','descripcion','c4ca4238a0b923820dcc509a6f75849b','idsesion','2014-05-11 21:23:07'),('eccbc87e4b5ce2fe28308fd9f2a7baf3','Adjudicacion por legado','descripcion','c4ca4238a0b923820dcc509a6f75849b','idsesion','2014-05-11 21:23:07');
INSERT INTO `tbbsnm18` VALUES ('0b65046a11079734a6f21ea9d933f598','Intestamentaria',1,'1','1ff1de774005f8da13f42943881c655f','65c46e1746bd217858a14d4d2969f903','148C3E06C29B6071A3E762F25AA70CE9','2014-05-19 18:23:36'),('1712576b7501c028539df1c52dd4f3ba','Cancelacion de hipoteca',2,'2','3c59dc048e8850243be8079a5c74d079','65c46e1746bd217858a14d4d2969f903','C8153E27C977A97159CD778DD05E85DF','2014-05-23 14:40:59'),('2895f9218cb8979779052e72a9c421d5','Acto01',NULL,'Acto01','165719577953e8ac1820242661efd29b','3631e5805f66789771223b44db602ab3','','2014-02-18 06:00:00'),('57bbc888b124e10975810538daf868f4','Acto03',NULL,'Acto03','165719577953e8ac1820242661efd29b','3631e5805f66789771223b44db602ab3','','2014-02-21 06:00:00'),('79aae63edbe5db24165ec0b4775cbf75','Acto02',NULL,'Acto02','4f00571f7a7230848063d6c48eda7d85','3631e5805f66789771223b44db602ab3','','2014-02-21 06:00:00');
INSERT INTO `tbbsnm21` VALUES ('04381ab14df386178002f52e73b0c996','40a64a8240e796efcc0771e9afa2490a','32bb90e8976aab5298d5da10fe66f21d','sadsad',1,'1712576b7501c028539df1c52dd4f3ba','8747d3f40d3804fc5de03a7d84598eef','7DF4D53D0B602921F77FE09E94FBC5FA','2014-05-29 00:48:21'),('271af32fb3540011141f4e59f7df0ef5','9116e445f4b19f4d7f4f91a84358a115','71ae7e16f8a9d39de4c03eae95daf524','Lalo',0,'2895f9218cb8979779052e72a9c421d5',NULL,'','2014-02-27 06:00:00'),('2af05be7d514a8f72cad02eebc19ecb1','b9f83bf76e76e292737f9041c4c40599','6ea9ab1baa0efb9e19094440c317e21b','dsf',1,'0b65046a11079734a6f21ea9d933f598',NULL,'9E1E1612019FF2A86E8B23E62538541A','2014-05-28 23:34:42'),('2cfba24f0359e01ea20b516f8bed60aa','3773e6ef0395ec636c1119040342e33c','32bb90e8976aab5298d5da10fe66f21d','otro',0,'1712576b7501c028539df1c52dd4f3ba',NULL,'2D3E6D7913E008A04CE27FF3601538AC','2014-05-23 20:56:53'),('408c63db8276d70d35b4621bf0934fa2','17b68946bffadbe944b9b5871ac44986','70efdf2ec9b086079795c442636b55fb','Vic',1,'1712576b7501c028539df1c52dd4f3ba',NULL,'BCEB10E318DCCAC314FA5C438FFD4FBF','2014-05-29 00:53:05'),('6200fe93be411360b6e09bce69a314c7','79bc9c41d4ec8e5e6c49c148b3eb5017','b53b3a3d6ab90ce0268229151c9bde11','xzcxzczx',1,'1712576b7501c028539df1c52dd4f3ba',NULL,'2D3E6D7913E008A04CE27FF3601538AC','2014-05-23 20:57:46'),('a557e4382dd0e122b2fb685f5dbb97a1','23f5b97b3669ff555c14a48f80e4af83','70efdf2ec9b086079795c442636b55fb','dsad',1,'1712576b7501c028539df1c52dd4f3ba',NULL,'9E1E1612019FF2A86E8B23E62538541A','2014-05-28 23:37:43'),('a60351f7c1f6b2c31ceb9ee4463f303b','b3f3b2092b4a7ec5c8e7e5c275ea66a6','71ae7e16f8a9d39de4c03eae95daf524','Coco',0,'2895f9218cb8979779052e72a9c421d5',NULL,'','2014-02-27 06:00:00'),('b6c9dea7e0b73faafd6a08532ff8e1f3','27e60c654559d00dbd9dcaafe66a9fa8','7f39f8317fbdb1988ef4c628eba02591',NULL,0,'0b65046a11079734a6f21ea9d933f598','d99ce3526675baace544a13f901cf6aa','138EC9D81DE2706C07B4BD4CC070B8AC','2014-05-28 16:01:06'),('c41ccd433058bf0b90f719e23f7ab83b','0fc338326c248858a2a752131f374224','44f683a84163b3523afe57c2e008bc8c','dsa',1,'1712576b7501c028539df1c52dd4f3ba','e1e8285dc44cb61b00a630b7beb8464d','2D3E6D7913E008A04CE27FF3601538AC','2014-05-28 16:01:48'),('c8d99567219fc7219a9812e9b8f25455','e3d4a4b622c2a5a890b4c0bbaea56bc7','7f39f8317fbdb1988ef4c628eba02591','sdfdsf',1,'1712576b7501c028539df1c52dd4f3ba',NULL,'2D3E6D7913E008A04CE27FF3601538AC','2014-05-23 20:58:18'),('c9e6740f9061507a5543cc157ac0ac32','7ea015d7a2a0a22a73a53e25a8b61ff7','71ae7e16f8a9d39de4c03eae95daf524','Pepe',0,'2895f9218cb8979779052e72a9c421d5',NULL,'','2014-02-27 06:00:00'),('e6eb20f571f74a8cf735b21fc0371761','d3ea854dfbe897474e1f00913ec4178c','b53b3a3d6ab90ce0268229151c9bde11','sadasd',1,'1712576b7501c028539df1c52dd4f3ba','d36e9a6092c0f405bf5a84b0f5ebb086','47A7F571EAF6ADA46AFD826DF3F02FE2','2014-05-28 16:04:08'),('eb0c4fc7ea420b00e20b0f52dbd3191e','98545e078feb25621abdcf9ebd989f05','b62207b30552f7fd98d89c341a8329a4','chicharo',0,'2895f9218cb8979779052e72a9c421d5',NULL,'','2014-02-27 06:00:00'),('f85565b27a4a5ab66b4519bcae9d1330','508f0f625214936664b1687fecc59792','b53b3a3d6ab90ce0268229151c9bde11','oijd',0,'1712576b7501c028539df1c52dd4f3ba',NULL,'0D75BED4C54AFE0F574C4C69354A6837','2014-05-29 01:28:07');
INSERT INTO `tbbsnm22` VALUES ('207edded814b34ad392397af0f3edf58','Nuevo formato charlin','Nuevo formato',2,1,'2014-05-21','A4A0F0DB7DE928FAEF31F50508ED58E4',1,'eccbc87e4b5ce2fe28308fd9f2a7baf3','<p>este es mi nuevo formato modificado charlin publicado</p>\n',1,'2014-05-21 21:07:54',10,NULL),('9f8a6d839d0f96a6a5bec24823ad504e','Nuevo formato','Este es un nuevo formato limpio',1,1,'2014-05-21','A4A0F0DB7DE928FAEF31F50508ED58E4',1,'eccbc87e4b5ce2fe28308fd9f2a7baf3','<p>Texto del formato de prueba ya publicado</p>\n',1,'2014-05-21 17:16:44',11,NULL);
INSERT INTO `tbbsnm22b` VALUES (4,'9f8a6d839d0f96a6a5bec24823ad504e',0,0,'Nuevo formato','Este es un nuevo formato limpio','<p>Texto del formato de prueba</p>\n','eccbc87e4b5ce2fe28308fd9f2a7baf3','2014-05-21',0,1,11,1,'A4A0F0DB7DE928FAEF31F50508ED58E4','2014-05-21 17:16:44',NULL),(5,'9f8a6d839d0f96a6a5bec24823ad504e',1,0,'Nuevo formato','Este es un nuevo formato limpio','<p>Texto del formato de prueba ya publicado</p>\n','eccbc87e4b5ce2fe28308fd9f2a7baf3','2014-05-21',1,1,11,1,'A4A0F0DB7DE928FAEF31F50508ED58E4','2014-05-21 17:16:44',NULL),(6,'207edded814b34ad392397af0f3edf58',0,0,'Nuevo formato charlin','Nuevo formato','<p>este es mi nuevo formato</p>\n','eccbc87e4b5ce2fe28308fd9f2a7baf3','2014-05-21',0,1,10,1,'A4A0F0DB7DE928FAEF31F50508ED58E4','2014-05-21 21:07:54',NULL),(7,'207edded814b34ad392397af0f3edf58',1,0,'Nuevo formato charlin','Nuevo formato','<p>este es mi nuevo formato modificado charlin</p>\n','eccbc87e4b5ce2fe28308fd9f2a7baf3','2014-05-21',0,1,10,1,'A4A0F0DB7DE928FAEF31F50508ED58E4','2014-05-21 21:07:54',NULL),(8,'207edded814b34ad392397af0f3edf58',2,1,'Nuevo formato charlin','Nuevo formato','<p>este es mi nuevo formato modificado charlin publicado</p>\n','eccbc87e4b5ce2fe28308fd9f2a7baf3','2014-05-21',1,1,10,1,'A4A0F0DB7DE928FAEF31F50508ED58E4','2014-05-21 21:07:54',NULL),(9,'207edded814b34ad392397af0f3edf58',3,2,'Nuevo formato charlin','Nuevo formato','<p>este es mi nuevo formato modificado charlin publicado modificado</p>\n','eccbc87e4b5ce2fe28308fd9f2a7baf3','2014-05-21',0,1,10,1,'A4A0F0DB7DE928FAEF31F50508ED58E4','2014-05-21 21:07:54',NULL),(10,'207edded814b34ad392397af0f3edf58',4,2,'Nuevo formato charlin','Nuevo formato','<p>este es mi nuevo formato modificado charlin publicado</p>\n','eccbc87e4b5ce2fe28308fd9f2a7baf3','2014-05-21',0,1,10,1,'A4A0F0DB7DE928FAEF31F50508ED58E4','2014-05-21 21:07:54',NULL);
INSERT INTO `tbbsnm24` VALUES ('4ba6dc46bbd4f338b968d2c85e729eb2','103300','3631e5805f66789771223b44db602ab3','2014-02-24',NULL,NULL,NULL,649937,649938,NULL,'afd2c9b2d30a312b1f1fd83e3275ffb7','33e68487e9a7a516204e507d261f4de8',0,NULL,'','2014-05-15 17:56:53'),('ccb30ad24f00fcf6cb8009bc3172f50b',NULL,'65c46e1746bd217858a14d4d2969f903','2014-05-23',NULL,NULL,NULL,NULL,NULL,NULL,'50fbfda20c4fb2e8a8c368d8368f760c','8f14e45fceea167a5a36dedd4bea2543',NULL,NULL,'C8153E27C977A97159CD778DD05E85DF','2014-05-30 20:32:40');
INSERT INTO `tbbsnm26` VALUES ('50fbfda20c4fb2e8a8c368d8368f760c','Libro3','2014-03-06',401,500,'',1080,'2014-03-06 06:00:00'),('6ea3d9f22b2127d3fad8f62a43933e4b','Libro2','2014-03-06',300,400,'',1070,'2014-03-06 06:00:00'),('afd2c9b2d30a312b1f1fd83e3275ffb7','Libro1','2014-02-26',100,200,'123',1050,'2014-02-26 06:00:00');
INSERT INTO `tbbsnm27` VALUES ('1679091c5a880faf6fb5e6087eb1b2dc','Subdivision','codigo','sesion','2014-05-11 21:23:07'),('2903fffb9a2ce536ef29a5dd31717ed3','Nueva operación','Descripción de la operación','0CD0A08E183C900B4CA9ECE2706BF068','2014-05-21 15:49:22'),('45c48cce2e2d7fbdea1afc51c7c6ad26','Cancelacion de reserva de dominio','codigo','sesion','2014-05-11 21:23:07'),('59675d815fd43c8eb870fb133a433a3c','Nueva operación del charly','mi nueva operación','A4A0F0DB7DE928FAEF31F50508ED58E4','2014-05-21 21:03:52'),('6512bd43d9caa6e02c990b0a82652dca','Testamento','codigo','sesion','2014-05-11 21:23:07'),('70efdf2ec9b086079795c442636b55fb','Fe de hechos','codigo','sesion','2014-05-11 21:23:07'),('8f14e45fceea167a5a36dedd4bea2543','Relotificacion de inmueble','codigo','sesion','2014-05-11 21:23:07'),('9bf31c7ff062936a96d3c8bd1f8f2ff3','Ratificacion','codigo','sesion','2014-05-11 21:23:07'),('a87ff679a2f3e71d9181a67b7542122c','Constitucion de regimen de propiedad en condominio','codigo','sesion','2014-05-11 21:23:07'),('aab3238922bcc25a6f606eb525ffdc56','Constitutivas','codigo','sesion','2014-05-11 21:23:07'),('c20ad4d76fe97759aa27a0c99bff6710','Protocolizacion de poder otorgado en el extranjero','codigo','sesion','2014-05-11 21:23:07'),('c293ea43d7b2c2a3919a0f5e3b9d4d0b','Operacion01','Operacion01','','2014-02-24 06:00:00'),('c4ca4238a0b923820dcc509a6f75849b','Traslativa de dominio','codigo','sesion','2014-05-11 21:23:07'),('c51ce410c124a10e0db5e4b97fc2af39','Poder','codigo','sesion','2014-05-11 21:23:07'),('c74d97b01eae257e44aa9d5bade97baf','Declaraciones','codigo','sesion','2014-05-11 21:23:07'),('c81e728d9d4c2f636f067f89cc14862c','Fideicomiso','codigo','sesion','2014-05-11 21:23:07'),('c9f0f895fb98ab9159f51fd0297e236d','Cancelacion de hipoteca','codigo','sesion','2014-05-11 21:23:07'),('d3d9446802a44259755d38e6d163e820','Aceptacion de herencia','codigo','sesion','2014-05-11 21:23:07'),('d64b983b1e0499aaed131726be3187cb','Nueva operación del charly1','Operacion del charly1','A4A0F0DB7DE928FAEF31F50508ED58E4','2014-05-21 21:04:55'),('da031e760194508088b2e2e8f3789977','Operacion de notaria nueva','Descripcion de notaria nueva','95FD6C675AEC1FCAF9216E66942E3D7D','2014-05-30 20:19:33'),('e4da3b7fbbce2345d7772b0674a318d5','Fusion','codigo','sesion','2014-05-11 21:23:07'),('e8f4212b5b9fccfda299be7b84428a71','Nueva operación','Descripción de la operación','0CD0A08E183C900B4CA9ECE2706BF068','2014-05-21 15:46:29'),('e949655a2914dba1be7202e66170385b','Mi operacion test','Esta operación es un test','0CD0A08E183C900B4CA9ECE2706BF068','2014-05-21 15:51:08'),('eccbc87e4b5ce2fe28308fd9f2a7baf3','Garantias reales','codigo','sesion','2014-05-11 21:23:07'),('f86e24334157d128c415bd31a0a6fa1f','op 1','oper','98D01182909DA24E00DA6EC70D9DF126','2014-05-12 22:36:06');
INSERT INTO `tbbsnm28` VALUES ('0fc338326c248858a2a752131f374224',NULL,'dsad','asdsadsad','sadsa','dsad asdsadsad sadsa ',NULL,NULL,'sadas','c9f0f895fb98ab9159f51fd0297e236d','4ba29b9f9e5732ed33761840f4ba6c53','sadasdsad','c20ad4d76fe97759aa27a0c99bff6710','2014-05-09','479bb599e9b236d058b6f5bb1d187180',NULL,'2D3E6D7913E008A04CE27FF3601538AC','2014-05-23 20:55:49'),('17b68946bffadbe944b9b5871ac44986',NULL,'Victor','Espinosa','Vazquez','Victor Espinosa Vazquez ','EIVV841223QR1','OIBR780920HDFRNNO9','552312321','c9f0f895fb98ab9159f51fd0297e236d','4ba29b9f9e5732ed33761840f4ba6c53','Mexico','d3d9446802a44259755d38e6d163e820','2014-05-08','003c2a66b5a37b641f89e2b6426ee336',NULL,'38065B32DCBF9F6040FAB6CBFD38CC91','2014-05-23 20:25:14'),('23f5b97b3669ff555c14a48f80e4af83',NULL,'dsasadsa','ads','dsa','dsasad ads dsa ',NULL,NULL,'sadasd','45c48cce2e2d7fbdea1afc51c7c6ad26','4ba29b9f9e5732ed33761840f4ba6c53','asdsad','6512bd43d9caa6e02c990b0a82652dca','2014-05-02','e42c1acae9f74236fc3906f6835718de',NULL,'2D3E6D7913E008A04CE27FF3601538AC','2014-05-23 20:55:13'),('27e60c654559d00dbd9dcaafe66a9fa8','b6d767d2f8ed5d21a44b0e5886680cb9','Banamex',NULL,NULL,'Banamex',NULL,NULL,'1243321321','c9f0f895fb98ab9159f51fd0297e236d',NULL,'Mexico',NULL,'2014-05-07','e68a260cc6b35a9625f75a5fdfd758ec',NULL,'138EC9D81DE2706C07B4BD4CC070B8AC','2014-05-23 20:39:09'),('3773e6ef0395ec636c1119040342e33c','b6d767d2f8ed5d21a44b0e5886680cb9','Otro',NULL,NULL,'Otro',NULL,NULL,'1243321321','c9f0f895fb98ab9159f51fd0297e236d',NULL,'Mexico',NULL,'2014-05-08','b93f2c27d9419aab5e4b223feffc16c2',NULL,'2D3E6D7913E008A04CE27FF3601538AC','2014-05-23 20:56:53'),('40a64a8240e796efcc0771e9afa2490a','b6d767d2f8ed5d21a44b0e5886680cb9','asdsad',NULL,NULL,'asdsad',NULL,NULL,'sadsad','c9f0f895fb98ab9159f51fd0297e236d',NULL,'asdsa',NULL,'2014-05-13','00533f63a07ddbdf032963ba21411d0b',NULL,'138EC9D81DE2706C07B4BD4CC070B8AC','2014-05-23 20:50:06'),('508f0f625214936664b1687fecc59792','b6d767d2f8ed5d21a44b0e5886680cb9','dasij',NULL,NULL,'dasij',NULL,NULL,'dfdsf','45c48cce2e2d7fbdea1afc51c7c6ad26',NULL,'das',NULL,'2014-05-21','240f2364d797749411e740d3e6849241',NULL,'138EC9D81DE2706C07B4BD4CC070B8AC','2014-05-23 20:44:40'),('5a2f94ee37fde0e9fa26db965cb8d83a','0523e4352c6dd97c9499a7bb04cea1f9','Diana Ishel','Madrid','Baez','Diana Ishel Madrid Baez','','',NULL,NULL,NULL,NULL,NULL,NULL,NULL,'','','2014-03-10 06:00:00'),('79bc9c41d4ec8e5e6c49c148b3eb5017','b6d767d2f8ed5d21a44b0e5886680cb9','zxczxc',NULL,NULL,'zxczxc',NULL,NULL,'czxc','45c48cce2e2d7fbdea1afc51c7c6ad26',NULL,'zxcxz',NULL,'2014-05-15','ef895f876a358cc7104fcc6a9ab086ac',NULL,'2D3E6D7913E008A04CE27FF3601538AC','2014-05-23 20:57:46'),('7ea015d7a2a0a22a73a53e25a8b61ff7','0523e4352c6dd97c9499a7bb04cea1f9','Jose','Hernandez','Ortega','Jose Hernandez Ortega','','',NULL,NULL,NULL,NULL,NULL,NULL,NULL,'','','2014-02-27 06:00:00'),('9116e445f4b19f4d7f4f91a84358a115','0523e4352c6dd97c9499a7bb04cea1f9','Eduardo','Salinas','Marquez','Eduardo Salinas Marquez','','',NULL,NULL,NULL,NULL,NULL,NULL,NULL,'','','2014-02-27 06:00:00'),('98545e078feb25621abdcf9ebd989f05','0523e4352c6dd97c9499a7bb04cea1f9','Cesar','Luis','Rosagel','Cesar Luis Rosagel','','',NULL,NULL,NULL,NULL,NULL,NULL,NULL,'','','2014-03-03 06:00:00'),('b3f3b2092b4a7ec5c8e7e5c275ea66a6','0523e4352c6dd97c9499a7bb04cea1f9','Oscar','Carrillo','Garcia','Oscar Carrillo Garcia','','',NULL,NULL,NULL,NULL,NULL,NULL,NULL,'','','2014-02-27 06:00:00'),('b9f83bf76e76e292737f9041c4c40599',NULL,'fdsf','sdfs','dfds','f sdfs dfds ',NULL,NULL,'dsfsdfsd','c9f0f895fb98ab9159f51fd0297e236d','1f0e3dad99908345f7439f8ffabdffc4','dsfdsf','c51ce410c124a10e0db5e4b97fc2af39','2014-05-02','5d41ae964ea3f2861089068f4f9cd0fb',NULL,'2D3E6D7913E008A04CE27FF3601538AC','2014-05-23 20:59:14'),('c4ca4238a0b923820dcc509a6f75849b','3c59dc048e8850243be8079a5c74d079','Gonzalo','Blanco','Ortiz','Gonzalo Blanco Ortiz','BCOZ7898798','BCOZ2394823DFLRM09','55123234','c9f0f895fb98ab9159f51fd0297e236d','6512bd43d9caa6e02c990b0a82652dca','su casa','c51ce410c124a10e0db5e4b97fc2af39','2014-05-11','c4ca4238a0b923820dcc509a6f75849b','email@email.com','sesion','2014-05-11 21:23:09'),('d3ea854dfbe897474e1f00913ec4178c','b6d767d2f8ed5d21a44b0e5886680cb9','asd',NULL,NULL,'asd',NULL,NULL,'dsad','c9f0f895fb98ab9159f51fd0297e236d',NULL,'sadas',NULL,'2014-05-06','b3fd73b26afced66a08385fcb0952570',NULL,'138EC9D81DE2706C07B4BD4CC070B8AC','2014-05-23 20:48:47'),('e3d4a4b622c2a5a890b4c0bbaea56bc7','b6d767d2f8ed5d21a44b0e5886680cb9','sdfdsf',NULL,NULL,'sdfdsf',NULL,NULL,'dsfsdf','45c48cce2e2d7fbdea1afc51c7c6ad26',NULL,'sdfds',NULL,'2014-05-06','a9dd40a48d712b75e10e40804d86de80',NULL,'2D3E6D7913E008A04CE27FF3601538AC','2014-05-23 20:58:18');
INSERT INTO `tbbsnm31` VALUES ('02e74f10e0327ad868d138f2b4fdd6f0','FIADO ','desc','sesion','2014-05-11 21:23:10'),('03afdbd66e7929b125f8597834fa83a4','REPRESENTANTE DEL ACREEDOR','desc','sesion','2014-05-11 21:23:11'),('072b030ba126b2f4b2374f342be9ed44','CANCELA HIPOTECA','desc','sesion','2014-05-11 21:23:11'),('093f65e080a295f8076b1c5722a46aa2','DECLARANTE','desc','sesion','2014-05-11 21:23:11'),('14bfa6bb14875e45bba028a21ed38046','REVOCA','desc','sesion','2014-05-11 21:23:11'),('1679091c5a880faf6fb5e6087eb1b2dc','FIDUCIARIO SUSTITUTO','desc','sesion','2014-05-11 21:23:09'),('17e62166fc8586dfa4d1bc0e1742c08b','COMPARECIENTE ','desc','sesion','2014-05-11 21:23:10'),('182be0c5cdcd5072bb1864cdee4d3d6e','CONSENTIMIENTO','desc','sesion','2014-05-11 21:23:10'),('19ca14e7ea6328a42e0eb13d585e4c22','FIDEICOMISARIO EN TERCER LUGAR','desc','sesion','2014-05-11 21:23:10'),('1c383cd30b7c298ab50293adfecb7b18','REPRESENTANTE DEL FIDEICOMITENTE','desc','sesion','2014-05-11 21:23:10'),('1f0e3dad99908345f7439f8ffabdffc4','FIDEICOMITANTE A','desc','sesion','2014-05-11 21:23:10'),('1ff1de774005f8da13f42943881c655f','FIDEICOMISARIO EN SEGUNDO LUGAR ','desc','sesion','2014-05-11 21:23:10'),('2838023a778dfaecdc212708f721b788','FIDEICOMISARIO','desc','sesion','2014-05-11 21:23:10'),('28dd2c7955ce926456240b2ff0100bde','TESTADOR','desc','sesion','2014-05-11 21:23:11'),('3295c76acbf4caaed33c36b1b5fc2cb1','SOLICITANTE ','desc','sesion','2014-05-11 21:23:11'),('32bb90e8976aab5298d5da10fe66f21d','ACREEDOR','desc','sesion','2014-05-11 21:23:11'),('33e75ff09dd601bbe69f351039152189','FIADOR','desc','sesion','2014-05-11 21:23:10'),('3416a75f4cea9109507cacd8e2f2aefc','CLIENTE ','desc','sesion','2014-05-11 21:23:10'),('34173cb38f07f89ddbebc2ac9128303f','COMITE TECNICO','desc','sesion','2014-05-11 21:23:10'),('35f4a8d465e6e1edc05f3d8ab658c551','accionista','desc','sesion','2014-05-11 21:23:11'),('37693cfc748049e45d87b8c7d8b9aacd','FIDEICOMISARIO EN PRIMER LUGAR','desc','sesion','2014-05-11 21:23:10'),('3c59dc048e8850243be8079a5c74d079','EXTINCION DE HIPOTECA','desc','sesion','2014-05-11 21:23:10'),('44f683a84163b3523afe57c2e008bc8c','REPRESENTANTE DEL VENDEDOR','desc','sesion','2014-05-11 21:23:11'),('45c48cce2e2d7fbdea1afc51c7c6ad26','MUTUARIO','desc','sesion','2014-05-11 21:23:09'),('4e732ced3463d06de0ca9a15b6153677','REPRESENTANTE DEL FIDEICOMISARIO','desc','sesion','2014-05-11 21:23:10'),('6364d3f0f495b6ab9dcf8d3b5c6e0b01','LEGATARIO ','desc','sesion','2014-05-11 21:23:10'),('642e92efb79421734881b53e1e1b18b6','ENAJENANTE','desc','sesion','2014-05-11 21:23:10'),('6512bd43d9caa6e02c990b0a82652dca','MUTUANTE','desc','sesion','2014-05-11 21:23:10'),('66f041e16a60928b05a7e228a89c3799','TESTIGO ','desc','sesion','2014-05-11 21:23:11'),('67c6a1e7ce56d3d6fa748ab6d9af3fd7','Obligado Solidario','desc','sesion','2014-05-11 21:23:10'),('6c8349cc7260ae62e3b1396831a8398f','FUSIONANTE','desc','sesion','2014-05-11 21:23:10'),('6ea9ab1baa0efb9e19094440c317e21b','CANCELA GARANTIA FIDUCIARIA','desc','sesion','2014-05-11 21:23:10'),('6f4922f45568161a8cdf4ad2299f6d23','FIDEICOMITANTE B','desc','sesion','2014-05-11 21:23:10'),('70efdf2ec9b086079795c442636b55fb','caushabiente','desc','sesion','2014-05-11 21:23:10'),('71ae7e16f8a9d39de4c03eae95daf524','beneficiario','beneficiario','','2014-02-27 06:00:00'),('72b32a1f754ba1c09b3695e0cb6cde7f','APODERADO ','desc','sesion','2014-05-11 21:23:11'),('735b90b4568125ed6c3f678819b6e058','ADJUDICATARIO ','desc','sesion','2014-05-11 21:23:11'),('7cbbc409ec990f19c78c75bd1e06f215','RATIFICANTE ','desc','sesion','2014-05-11 21:23:11'),('7f39f8317fbdb1988ef4c628eba02591','ACEPTANTE ','desc','sesion','2014-05-11 21:23:11'),('8e296a067a37563370ded05f5a3bf3ec','ACREEDOR HIPOTECARIO','desc','sesion','2014-05-11 21:23:10'),('8f14e45fceea167a5a36dedd4bea2543','USUFRUCTUARIO','desc','sesion','2014-05-11 21:23:09'),('9a1158154dfa42caddbd0694a4e9bdc8','FIDEICOMITENTE','desc','sesion','2014-05-11 21:23:10'),('9bf31c7ff062936a96d3c8bd1f8f2ff3','MANDANTE','desc','sesion','2014-05-11 21:23:10'),('9f61408e3afb633e50cdf1b20de6f466','SUCESION DE ','desc','sesion','2014-05-11 21:23:11'),('a1d0c6e83f027327d8461063f4ac58a6','Prestador ','desc','sesion','2014-05-11 21:23:10'),('a3f390d88e4c41f2747bfa2f1b5f87db','DEUDOR','desc','sesion','2014-05-11 21:23:11'),('a5771bce93e200c36f7cd9dfd0e5deaa','CANCELACION DE RESERVA DE DOMINIO ','desc','sesion','2014-05-11 21:23:10'),('a5bfc9e07964f8dddeb95fc584cd965d','DELEGADO FIDUCIARIO ','desc','sesion','2014-05-11 21:23:10'),('a684eceee76fc522773286a895bc8436','CEDENTE ','desc','sesion','2014-05-11 21:23:10'),('a87ff679a2f3e71d9181a67b7542122c','REPUDIO','desc','sesion','2014-05-11 21:23:09'),('aab3238922bcc25a6f606eb525ffdc56','REPRESENTANTE DEL COMPRADOR','desc','sesion','2014-05-11 21:23:10'),('ad61ab143223efbc24c7d2583be69251','socio ','desc','sesion','2014-05-11 21:23:11'),('b53b3a3d6ab90ce0268229151c9bde11','ACREDITADO','desc','sesion','2014-05-11 21:23:11'),('b62207b30552f7fd98d89c341a8329a4','entidad','entidad','','2014-02-27 06:00:00'),('b6d767d2f8ed5d21a44b0e5886680cb9','AVAL','desc','sesion','2014-05-11 21:23:10'),('c0c7c76d30bd3dcaefc96f40275bdc0a','FIDUCIARIO','desc','sesion','2014-05-11 21:23:10'),('c16a5320fa475530d9583c34fd356ef5','HEREDERO','desc','sesion','2014-05-11 21:23:10'),('c20ad4d76fe97759aa27a0c99bff6710','DEPOSITARIO','desc','sesion','2014-05-11 21:23:10'),('c4ca4238a0b923820dcc509a6f75849b','N/A','desc','sesion','2014-05-11 21:23:09'),('c51ce410c124a10e0db5e4b97fc2af39','RENUNCIA','desc','sesion','2014-05-11 21:23:10'),('c74d97b01eae257e44aa9d5bade97baf','MANDATARIO','desc','sesion','2014-05-11 21:23:10'),('c81e728d9d4c2f636f067f89cc14862c','ARRENDATARIO','desc','sesion','2014-05-11 21:23:09'),('c9f0f895fb98ab9159f51fd0297e236d','cancela convenio modificatorio','desc','sesion','2014-05-11 21:23:09'),('d09bf41544a3365a46c9077ebb5e35c3','ALBACEA ','desc','sesion','2014-05-11 21:23:11'),('d1fe173d08e959397adf34b1d77e88d7','COMPRADOR ','desc','sesion','2014-05-11 21:23:11'),('d2ddea18f00665ce8623e36bd4e3c7c5','PODERDANTE','desc','sesion','2014-05-11 21:23:11'),('d3d9446802a44259755d38e6d163e820','rebelde','desc','sesion','2014-05-11 21:23:09'),('d645920e395fedad7bbbed0eca3fe2e0','DONANTE ','desc','sesion','2014-05-11 21:23:10'),('d67d8ab4f4c10bf22aa353e27879133c','DONATARIO ','desc','sesion','2014-05-11 21:23:10'),('d82c8d1619ad8176d665453cfb2e55f0','CESIONARIO','desc','sesion','2014-05-11 21:23:10'),('d9d4f495e875a2e075a1a4a6e1b9770f','FUSIONADA ','desc','sesion','2014-05-11 21:23:10'),('e2c420d928d4bf8ce0ff2ec19b371514','DELEGADO','desc','sesion','2014-05-11 21:23:11'),('e369853df766fa44e1ed0ff613f563bd','OTORGANTE ','desc','sesion','2014-05-11 21:23:10'),('e4da3b7fbbce2345d7772b0674a318d5','REPUDIA','desc','sesion','2014-05-11 21:23:09'),('ea5d2f1c4608232e07d3aa3d998e5135','GARANTE HIPOTECARIO ','desc','sesion','2014-05-11 21:23:11'),('ec8ce6abb3e952a85b8551ba726a1227','EXTINCION PARCIAL DEL FIDEICOMISO','desc','sesion','2014-05-11 21:23:10'),('eccbc87e4b5ce2fe28308fd9f2a7baf3','JUEZ','desc','sesion','2014-05-11 21:23:09'),('f033ab37c30201f73f142449d037028d','VENDEDOR','desc','sesion','2014-05-11 21:23:11'),('f457c545a9ded88f18ecee47145a72c0','ADQUIRENTE','desc','sesion','2014-05-11 21:23:10'),('f7177163c833dff4b38fc8d2872f1ec6','COACREDITADO','desc','sesion','2014-05-11 21:23:10'),('fbd7939d674997cdb4692d34de8633c4','REPRESENTANTE ','desc','sesion','2014-05-11 21:23:11'),('fc490ca45c00b1249bbe3554a4fdf6fb','SOCIEDAD','desc','sesion','2014-05-11 21:23:11');
INSERT INTO `tbbsnm32` VALUES ('3631e5805f66789771223b44db602ab3','Expediente 01','2014-02-24','2014-02-24',0,'',0,'','97d5a1144f881bd7fa545ec6e3c084a7',NULL,'CERRADO',NULL,'',NULL,'2014-02-24 06:00:00'),('65c46e1746bd217858a14d4d2969f903','Expediente 02','2014-02-11','2014-02-11',0,NULL,0,NULL,'97d5a1144f881bd7fa545ec6e3c084a7','41aede79e58098933d51fcf03b3bc9be','CERRADO',NULL,'',NULL,'2014-05-15 17:56:53');
INSERT INTO `tbbsnm36` VALUES ('48f7cea67f87d6896c27273ff7222d9b','4ba6dc46bbd4f338b968d2c85e729eb2','2895f9218cb8979779052e72a9c421d5','','2014-02-24 06:00:00'),('832716f70ef708404d827dafebe0f46a','ccb30ad24f00fcf6cb8009bc3172f50b','0b65046a11079734a6f21ea9d933f598','C8153E27C977A97159CD778DD05E85DF','2014-05-23 14:39:37'),('cf7a60715105aafd5c800e9179172d4f','4ba6dc46bbd4f338b968d2c85e729eb2','79aae63edbe5db24165ec0b4775cbf75','','2014-02-24 06:00:00');
INSERT INTO `tbbsnm37` VALUES ('4e3c608d3f4e6ab0d58bf02df9d3a9d1','207edded814b34ad392397af0f3edf58','1712576b7501c028539df1c52dd4f3ba','8f14e45fceea167a5a36dedd4bea2543',NULL,NULL,NULL,NULL,NULL,NULL,NULL,NULL,NULL,NULL,'A2434DB71631ED0DC34A4EE39C67D803','2014-05-30 20:40:15'),('acc0a60ad8a82288ae0a07ba3484a74d','9f8a6d839d0f96a6a5bec24823ad504e','1712576b7501c028539df1c52dd4f3ba','1679091c5a880faf6fb5e6087eb1b2dc',NULL,NULL,NULL,NULL,NULL,NULL,NULL,NULL,NULL,NULL,'8059EEFECCF5D8F362DF180543C2B2DB','2014-05-30 00:21:10');
INSERT INTO `tbbsnm39` VALUES ('0260eaadeed7faeda6fa62524d424aef','a557e4382dd0e122b2fb685f5dbb97a1','2cfba24f0359e01ea20b516f8bed60aa','9E1E1612019FF2A86E8B23E62538541A','2014-05-28 23:37:43'),('06b1cfac07f9d107b11fb47b3e19c9d4','e6eb20f571f74a8cf735b21fc0371761','2af05be7d514a8f72cad02eebc19ecb1','47A7F571EAF6ADA46AFD826DF3F02FE2','2014-05-28 16:04:08'),('0d5ec979064bffe548f7520dd442304f','04381ab14df386178002f52e73b0c996','b6c9dea7e0b73faafd6a08532ff8e1f3','7DF4D53D0B602921F77FE09E94FBC5FA','2014-05-29 00:48:21'),('23a7e9ac0dd13990e26505a39849c759','04381ab14df386178002f52e73b0c996','e6eb20f571f74a8cf735b21fc0371761','7DF4D53D0B602921F77FE09E94FBC5FA','2014-05-29 00:48:21'),('2943f9577e6d5fc540d49d746dabc9fb','6200fe93be411360b6e09bce69a314c7','2cfba24f0359e01ea20b516f8bed60aa','2D3E6D7913E008A04CE27FF3601538AC','2014-05-23 20:57:46'),('4a44dc869b6aafd0776c00e0c6cb8cc2','408c63db8276d70d35b4621bf0934fa2','b6c9dea7e0b73faafd6a08532ff8e1f3','BCEB10E318DCCAC314FA5C438FFD4FBF','2014-05-29 00:53:05'),('59c2681fcc6656128daabac2e785c54d','a557e4382dd0e122b2fb685f5dbb97a1','408c63db8276d70d35b4621bf0934fa2','9E1E1612019FF2A86E8B23E62538541A','2014-05-28 23:37:43'),('5ac449dae0638571d797e686fb9144da','c41ccd433058bf0b90f719e23f7ab83b','04381ab14df386178002f52e73b0c996','2D3E6D7913E008A04CE27FF3601538AC','2014-05-23 20:55:49'),('5cdc1d121a55652827837f0c5180be0e','e6eb20f571f74a8cf735b21fc0371761','408c63db8276d70d35b4621bf0934fa2','47A7F571EAF6ADA46AFD826DF3F02FE2','2014-05-28 16:04:08'),('5e9aa4fd8f068c86628f9dba849bd2dd','6200fe93be411360b6e09bce69a314c7','c41ccd433058bf0b90f719e23f7ab83b','2D3E6D7913E008A04CE27FF3601538AC','2014-05-23 20:57:46'),('60f3433ba1e9400d15836f0f122ff972','e6eb20f571f74a8cf735b21fc0371761','f85565b27a4a5ab66b4519bcae9d1330','47A7F571EAF6ADA46AFD826DF3F02FE2','2014-05-28 16:04:08'),('6fb192d3e1ffa02842905ed1258695a9','6200fe93be411360b6e09bce69a314c7','408c63db8276d70d35b4621bf0934fa2','2D3E6D7913E008A04CE27FF3601538AC','2014-05-23 20:57:46'),('7b25b314ecfc338f049a2ee0bd3c807f','2af05be7d514a8f72cad02eebc19ecb1','408c63db8276d70d35b4621bf0934fa2','9E1E1612019FF2A86E8B23E62538541A','2014-05-28 23:34:42'),('80c0724714ca14cc5ad74b2c35da6767','2af05be7d514a8f72cad02eebc19ecb1','b6c9dea7e0b73faafd6a08532ff8e1f3','9E1E1612019FF2A86E8B23E62538541A','2014-05-28 23:34:42'),('b6e4a2720abdbab13b045bc450fa6081','6200fe93be411360b6e09bce69a314c7','a557e4382dd0e122b2fb685f5dbb97a1','2D3E6D7913E008A04CE27FF3601538AC','2014-05-23 20:57:46'),('c37c01aaec49e061f8544273dce21c24','6200fe93be411360b6e09bce69a314c7','f85565b27a4a5ab66b4519bcae9d1330','2D3E6D7913E008A04CE27FF3601538AC','2014-05-23 20:57:46'),('df248cc15f0bb32458f256e3282faf25','6200fe93be411360b6e09bce69a314c7','04381ab14df386178002f52e73b0c996','2D3E6D7913E008A04CE27FF3601538AC','2014-05-23 20:57:46'),('ed0f02310708fef49ffa2a2f18c597af','c8d99567219fc7219a9812e9b8f25455','408c63db8276d70d35b4621bf0934fa2','2D3E6D7913E008A04CE27FF3601538AC','2014-05-23 20:58:18'),('f3cd251594905511af3de0ceb9131e55','6200fe93be411360b6e09bce69a314c7','e6eb20f571f74a8cf735b21fc0371761','2D3E6D7913E008A04CE27FF3601538AC','2014-05-23 20:57:46');
INSERT INTO `tbbsnm40` VALUES ('41aede79e58098933d51fcf03b3bc9be','5a2f94ee37fde0e9fa26db965cb8d83a','97d5a1144f881bd7fa545ec6e3c084a7','83c2c314232140f58ec3ce100efd8ed5',NULL,'39b9387b0c7b458897ab90d80593d009','','2014-05-15 17:56:53');
INSERT INTO `tbbsnm41` VALUES ('39b9387b0c7b458897ab90d80593d009','Revision','Revision',1,'','2014-03-11 06:00:00');
INSERT INTO `tbbsnm42` VALUES ('115cf702715b5eade714e0f3d66af547','eccbc87e4b5ce2fe28308fd9f2a7baf3',NULL,'65c46e1746bd217858a14d4d2969f903','2014-05-29 00:56:38','Actualización','ActoDocumento','Se adjunta el documento digital: /home/yomero/uploaded/41aede79e58098933d51fcf03b3bc9be/1401324998642_Firefox_wallpaper.png'),('161240dfdca160a1125c503d84aec263','eccbc87e4b5ce2fe28308fd9f2a7baf3',NULL,'65c46e1746bd217858a14d4d2969f903','2014-05-23 14:40:59','Registrar','Acto','Registro del Acto Cancelacion de hipoteca'),('183fc013b3e1fb8e76d16b7628520af4','eccbc87e4b5ce2fe28308fd9f2a7baf3',NULL,'65c46e1746bd217858a14d4d2969f903','2014-05-21 16:23:46','Registrar','Acto','Registro del Acto Nuevo nombre del acto'),('1d89d65bb7c7f7d37c6b62190922ed53','eccbc87e4b5ce2fe28308fd9f2a7baf3',NULL,'65c46e1746bd217858a14d4d2969f903','2014-05-23 14:39:37','Registro','Escritura','Se guarda una Escritura'),('21290d17d406e5e76570935f9bdcf50b','eccbc87e4b5ce2fe28308fd9f2a7baf3',NULL,'65c46e1746bd217858a14d4d2969f903','2014-05-28 15:10:16','Registro','RegistroRi','Se guarda un registro ri.'),('272bc4f5eb76068e2964ef702c377ce0','eccbc87e4b5ce2fe28308fd9f2a7baf3',NULL,'65c46e1746bd217858a14d4d2969f903','2014-05-29 17:40:25','Eliminación','Evidencia','Se elimina una evidencia'),('28c90139ec6309089f92f9c0b835ea45','eccbc87e4b5ce2fe28308fd9f2a7baf3',NULL,'65c46e1746bd217858a14d4d2969f903','2014-05-19 18:23:36','Registrar','ActoDocumento','Registro del Documento Previo null'),('3070e2ad35e1a90a16c4fc34a229db60','eccbc87e4b5ce2fe28308fd9f2a7baf3',NULL,'65c46e1746bd217858a14d4d2969f903','2014-05-28 21:14:02','Actualización','Compareciente','Se actualiza un compareciente'),('35f7cd23a0c20bf0c6e9850cad1a0f2b','eccbc87e4b5ce2fe28308fd9f2a7baf3',NULL,NULL,'2014-05-30 20:39:54','Eliminación','DocumentoEscaneado','Se elimina un DocumentoEscaneado'),('3730725aa567e572964548f6f28aeb61','eccbc87e4b5ce2fe28308fd9f2a7baf3',NULL,'65c46e1746bd217858a14d4d2969f903','2014-05-23 20:57:46','Registro','Compareciente','Se guarda un compareciente.'),('4055597c084f0a1ddf24dfe32537dd9b','eccbc87e4b5ce2fe28308fd9f2a7baf3',NULL,'65c46e1746bd217858a14d4d2969f903','2014-05-23 20:55:13','Registro','Compareciente','Se guarda un compareciente.'),('440c23a34a60954294c7fd16851ce0e8','eccbc87e4b5ce2fe28308fd9f2a7baf3',NULL,'65c46e1746bd217858a14d4d2969f903','2014-05-29 00:25:10','Registrar','ActoDocumento','Registro del Documento Previo Nuevo formato'),('45c094be572e612a57b592ba7bb99eb0','eccbc87e4b5ce2fe28308fd9f2a7baf3',NULL,'65c46e1746bd217858a14d4d2969f903','2014-05-21 03:50:21','Registro','Formulario','Se registra un Formulario'),('47bdc347d583815fc7f198fa3ba4f94e','eccbc87e4b5ce2fe28308fd9f2a7baf3',NULL,'65c46e1746bd217858a14d4d2969f903','2014-05-28 01:13:12','Registro','RegistroRi','Se guarda un registro ri.'),('5754db29c803cc9b2272da4c84618d9d','eccbc87e4b5ce2fe28308fd9f2a7baf3',NULL,NULL,'2014-05-29 16:29:13','Eliminación','DocumentoEscaneado','Se elimina un DocumentoEscaneado'),('58443478057a584c2324fa9cbbcf0f7f','eccbc87e4b5ce2fe28308fd9f2a7baf3',NULL,'65c46e1746bd217858a14d4d2969f903','2014-05-28 01:06:18','Registro','RegistroRi','Se guarda un registro ri.'),('63554a7f9e4661eb44737149026f667a','eccbc87e4b5ce2fe28308fd9f2a7baf3',NULL,'65c46e1746bd217858a14d4d2969f903','2014-05-29 01:27:54','Actualización','Compareciente','Se actualiza un compareciente'),('64d15762775d59605aff58421e790b2a','eccbc87e4b5ce2fe28308fd9f2a7baf3',NULL,'65c46e1746bd217858a14d4d2969f903','2014-05-28 16:01:48','Registro','RegistroRi','Se guarda un registro ri.'),('6e4cc312810b7902b6ae993cc16eab3d','eccbc87e4b5ce2fe28308fd9f2a7baf3',NULL,'65c46e1746bd217858a14d4d2969f903','2014-05-23 20:50:06','Registro','Compareciente','Se guarda un compareciente.'),('7702283ffeeaaf52e7a0298a5daa3ff9','eccbc87e4b5ce2fe28308fd9f2a7baf3',NULL,'65c46e1746bd217858a14d4d2969f903','2014-05-29 00:48:21','Actualización','Compareciente','Se actualiza un compareciente'),('814a88cbe4e4ea806f1afe8edc8df8e2','eccbc87e4b5ce2fe28308fd9f2a7baf3',NULL,'65c46e1746bd217858a14d4d2969f903','2014-05-28 16:00:18','Registro','RegistroRi','Se guarda un registro ri.'),('817e5d30c0725baeda326661dd9fdc36','eccbc87e4b5ce2fe28308fd9f2a7baf3',NULL,'65c46e1746bd217858a14d4d2969f903','2014-05-29 00:26:20','Eliminar','ActoDocumento','Eliminacion del Documento Previo Nuevo formato'),('842b5c6c02713649e968f142546b61b7','eccbc87e4b5ce2fe28308fd9f2a7baf3',NULL,'65c46e1746bd217858a14d4d2969f903','2014-05-29 17:14:00','Actualización','ActoDocumento','Se adjunta el documento digital: /home/yomero/uploaded/41aede79e58098933d51fcf03b3bc9be/1401383640694_cristel.png'),('854d6ae6b0a7b7492e96e9adc9498ef0','eccbc87e4b5ce2fe28308fd9f2a7baf3',NULL,'65c46e1746bd217858a14d4d2969f903','2014-05-29 16:53:22','Registrar','ActoDocumento','Registro del Documento Previo Nuevo formato charlin'),('865b247d8e53f6f0cc389305ab4f2324','eccbc87e4b5ce2fe28308fd9f2a7baf3',NULL,'65c46e1746bd217858a14d4d2969f903','2014-05-21 15:59:05','Registro','Formulario','Se registra un Formulario'),('8e6f8024dbd85600007b574cb6674fc1','eccbc87e4b5ce2fe28308fd9f2a7baf3',NULL,NULL,'2014-05-30 00:18:32','Eliminación','DocumentoEscaneado','Se elimina un DocumentoEscaneado'),('8e986d905328079fc63058c450960800','eccbc87e4b5ce2fe28308fd9f2a7baf3',NULL,'65c46e1746bd217858a14d4d2969f903','2014-05-29 01:05:03','Actualización','ActoDocumento','Se adjunta el documento digital: /home/yomero/uploaded/41aede79e58098933d51fcf03b3bc9be/1401325503501_Firefox_wallpaper.png'),('92abfa7feab5a649c880a8ed76328c6e','eccbc87e4b5ce2fe28308fd9f2a7baf3',NULL,'65c46e1746bd217858a14d4d2969f903','2014-05-28 01:11:39','Registro','RegistroRi','Se guarda un registro ri.'),('983f5f2611d29175e5185ad9cf59c695','eccbc87e4b5ce2fe28308fd9f2a7baf3',NULL,'65c46e1746bd217858a14d4d2969f903','2014-05-21 15:58:37','Registro','Formulario','Se registra un Formulario'),('9a2e65e888c304210ad68b9ffa3d165c','eccbc87e4b5ce2fe28308fd9f2a7baf3',NULL,'65c46e1746bd217858a14d4d2969f903','2014-05-30 20:40:15','Registrar','ActoDocumento','Registro del Documento Previo Nuevo formato charlin'),('9dd1b025bc569eff0517d44576c400f8','eccbc87e4b5ce2fe28308fd9f2a7baf3',NULL,'65c46e1746bd217858a14d4d2969f903','2014-05-23 20:59:14','Registro','Compareciente','Se guarda un compareciente.'),('a06a14538141e30ae628277ed85045dd','eccbc87e4b5ce2fe28308fd9f2a7baf3',NULL,'65c46e1746bd217858a14d4d2969f903','2014-05-28 15:58:24','Registro','RegistroRi','Se guarda un registro ri.'),('a08480876e7f4d2a49e84399d78258c6','eccbc87e4b5ce2fe28308fd9f2a7baf3',NULL,'65c46e1746bd217858a14d4d2969f903','2014-05-23 20:55:49','Registro','Compareciente','Se guarda un compareciente.'),('a0a435e3f3e6bfa7f3fc5bd404fc324f','eccbc87e4b5ce2fe28308fd9f2a7baf3',NULL,'65c46e1746bd217858a14d4d2969f903','2014-05-28 23:34:42','Actualización','Compareciente','Se actualiza un compareciente'),('a126a2725001c8bb6bbec2eede0f5c03','eccbc87e4b5ce2fe28308fd9f2a7baf3',NULL,'65c46e1746bd217858a14d4d2969f903','2014-05-28 16:01:06','Registro','RegistroRi','Se guarda un registro ri.'),('a1f45e8c57c319c70307a347ba68eab1','eccbc87e4b5ce2fe28308fd9f2a7baf3',NULL,'65c46e1746bd217858a14d4d2969f903','2014-05-29 00:34:39','Registrar','ActoDocumento','Registro del Documento Previo Nuevo formato charlin'),('a20576a364185c419d209e6bcb630cbb','eccbc87e4b5ce2fe28308fd9f2a7baf3',NULL,'65c46e1746bd217858a14d4d2969f903','2014-05-28 01:14:27','Registro','RegistroRi','Se guarda un registro ri.'),('b35ac331faea01466953db9ddb611408','eccbc87e4b5ce2fe28308fd9f2a7baf3',NULL,'65c46e1746bd217858a14d4d2969f903','2014-05-29 17:41:08','Eliminación','Evidencia','Se elimina una evidencia'),('b8606e37a2f210955863ae3090107c60','eccbc87e4b5ce2fe28308fd9f2a7baf3',NULL,'65c46e1746bd217858a14d4d2969f903','2014-05-28 16:04:08','Actualización','Compareciente','Se actualiza un compareciente'),('bcccc4a34591eb62bfda4fdba0a1f0fb','eccbc87e4b5ce2fe28308fd9f2a7baf3',NULL,'65c46e1746bd217858a14d4d2969f903','2014-05-21 03:46:10','Registro','Formulario','Se registra un Formulario'),('c1839c41438993ca6e85a8675dcc6fbd','eccbc87e4b5ce2fe28308fd9f2a7baf3',NULL,NULL,'2014-05-30 00:18:39','Eliminación','DocumentoEscaneado','Se elimina un DocumentoEscaneado'),('c1da2fb5ff332e83b6f3b6a693d969f8','eccbc87e4b5ce2fe28308fd9f2a7baf3',NULL,'65c46e1746bd217858a14d4d2969f903','2014-05-23 20:58:18','Registro','Compareciente','Se guarda un compareciente.'),('cdb388bb9ab076120863b9ad42380611','eccbc87e4b5ce2fe28308fd9f2a7baf3',NULL,'65c46e1746bd217858a14d4d2969f903','2014-05-30 00:21:10','Registrar','ActoDocumento','Registro del Documento Previo Nuevo formato charlin'),('d27d1d5e1b3b617e2813e3b718112fb8','eccbc87e4b5ce2fe28308fd9f2a7baf3',NULL,'65c46e1746bd217858a14d4d2969f903','2014-05-29 01:28:07','Actualización','Compareciente','Se actualiza un compareciente'),('d291ec7c1181f741cd0933fe9ee228fd','eccbc87e4b5ce2fe28308fd9f2a7baf3',NULL,'65c46e1746bd217858a14d4d2969f903','2014-05-29 16:51:47','Registro','Evidencia','Se guarda una evidencia'),('d59c861d57f44b2cacec7ee2c4be5e25','eccbc87e4b5ce2fe28308fd9f2a7baf3',NULL,'65c46e1746bd217858a14d4d2969f903','2014-05-28 15:14:42','Registro','RegistroRi','Se guarda un registro ri.'),('d670d313ce883e6383b5ad89689c7dec','eccbc87e4b5ce2fe28308fd9f2a7baf3',NULL,'65c46e1746bd217858a14d4d2969f903','2014-05-21 16:26:41','Eliminar','Acto','Eliminacion del Acto Nuevo nombre del acto'),('d707ee2ce4b812b830eedd1811e18515','eccbc87e4b5ce2fe28308fd9f2a7baf3',NULL,'65c46e1746bd217858a14d4d2969f903','2014-05-28 16:00:33','Registro','RegistroRi','Se guarda un registro ri.'),('e6b25c81db39289590412664a6f4ede7','eccbc87e4b5ce2fe28308fd9f2a7baf3',NULL,'65c46e1746bd217858a14d4d2969f903','2014-05-29 16:48:22','Registro','Evidencia','Se guarda una evidencia'),('e8371370aac20be5bc5428ee45852fcb','eccbc87e4b5ce2fe28308fd9f2a7baf3',NULL,'65c46e1746bd217858a14d4d2969f903','2014-05-29 00:34:39','Registrar','ActoDocumento','Registro del Documento Previo Nuevo formato'),('e9556debc73e79d61f09212e9a765352','eccbc87e4b5ce2fe28308fd9f2a7baf3',NULL,'65c46e1746bd217858a14d4d2969f903','2014-05-23 20:25:14','Registro','Compareciente','Se guarda un compareciente.'),('eaf5cee8f577d726fe5a8b075279c733','eccbc87e4b5ce2fe28308fd9f2a7baf3',NULL,'65c46e1746bd217858a14d4d2969f903','2014-05-23 20:44:40','Registro','Compareciente','Se guarda un compareciente.'),('ebe3ca87ff36f4697c0cc141de6d01e7','eccbc87e4b5ce2fe28308fd9f2a7baf3',NULL,'65c46e1746bd217858a14d4d2969f903','2014-05-23 20:48:47','Registro','Compareciente','Se guarda un compareciente.'),('ebf64e11e8fb2c556272de64e59f9b30','eccbc87e4b5ce2fe28308fd9f2a7baf3',NULL,'65c46e1746bd217858a14d4d2969f903','2014-05-23 20:56:53','Registro','Compareciente','Se guarda un compareciente.'),('ed00b2fb9aa5f6136aeb27f6fa78554e','eccbc87e4b5ce2fe28308fd9f2a7baf3',NULL,'65c46e1746bd217858a14d4d2969f903','2014-05-30 00:21:10','Registrar','ActoDocumento','Registro del Documento Previo Nuevo formato'),('ed764da62bcafeae322467f07220bef0','eccbc87e4b5ce2fe28308fd9f2a7baf3',NULL,'65c46e1746bd217858a14d4d2969f903','2014-05-29 01:04:42','Registro','Evidencia','Se guarda una evidencia'),('f1a1f5bac5a0790ff813f6291c9c3230','eccbc87e4b5ce2fe28308fd9f2a7baf3',NULL,'65c46e1746bd217858a14d4d2969f903','2014-05-28 23:37:43','Actualización','Compareciente','Se actualiza un compareciente'),('f5e120eeba9d473ad68f79e30d573fe8','eccbc87e4b5ce2fe28308fd9f2a7baf3',NULL,'65c46e1746bd217858a14d4d2969f903','2014-05-23 20:39:09','Registro','Compareciente','Se guarda un compareciente.'),('f9e52b58302d8c40a335a4703de208d1','eccbc87e4b5ce2fe28308fd9f2a7baf3',NULL,'65c46e1746bd217858a14d4d2969f903','2014-05-19 18:23:36','Registrar','Acto','Registro del Acto Intestamentaria'),('fc4f2f4fdfbe52aa89bf69ae84d97fac','eccbc87e4b5ce2fe28308fd9f2a7baf3',NULL,'65c46e1746bd217858a14d4d2969f903','2014-05-28 01:03:12','Registro','RegistroRi','Se guarda un registro ri.'),('ffc003526d3b204e9b05824880e44aea','eccbc87e4b5ce2fe28308fd9f2a7baf3',NULL,'65c46e1746bd217858a14d4d2969f903','2014-05-29 00:53:05','Actualización','Compareciente','Se actualiza un compareciente');
INSERT INTO `tbbsnm43` VALUES ('c4ca4238a0b923820dcc509a6f75849b','IVA','IVA',16,16),('c81e728d9d4c2f636f067f89cc14862c','IVA','IVA',0.16,0.16);
INSERT INTO `tbbsnm44` VALUES ('8747d3f40d3804fc5de03a7d84598eef','asdsad',NULL,'d09bf41544a3365a46c9077ebb5e35c3','Mi clave 2',NULL,'/home/yomero/uploaded/41aede79e58098933d51fcf03b3bc9be/1401292817981_mal_puerco.png',0,'eccbc87e4b5ce2fe28308fd9f2a7baf3','2014-05-28 16:00:17'),('d36e9a6092c0f405bf5a84b0f5ebb086',NULL,NULL,NULL,NULL,NULL,NULL,1,'eccbc87e4b5ce2fe28308fd9f2a7baf3','2014-05-28 15:58:24'),('d99ce3526675baace544a13f901cf6aa',NULL,NULL,NULL,NULL,NULL,NULL,1,'eccbc87e4b5ce2fe28308fd9f2a7baf3','2014-05-28 16:01:06'),('e1e8285dc44cb61b00a630b7beb8464d','dsad asdsadsad sadsa ',NULL,'9778d5d219c5080b9a6a17bef029331c','asdasd',NULL,'/home/yomero/uploaded/41aede79e58098933d51fcf03b3bc9be/1401292907992_mal_puerco.png',0,'eccbc87e4b5ce2fe28308fd9f2a7baf3','2014-05-28 16:01:47');
INSERT INTO `tbbsnm46` VALUES ('0a3a62cf322a49afcb12054469939974',1,'Nuevo formulario dinamico de prueba','Descripcion formulario de prueba','frm_prueba',1,'2014-05-19','1AA6E2061F0B558DD9974C1BBA554BF0','2014-05-19 23:54:44',0),('16a4cb565f5a46a0c0e60e6e72cf1ff5',1,'Form con subform','descripcion del subformulario','subform',1,'2014-05-19','B1CF41077778AD4BCA702C5F57E4B105','2014-05-20 03:07:58',0),('3848b9269d485431cb41fd0c4d5dcee6',1,'Nombre frm dinamico','descripcion de formulario dinamico','frm_corto',NULL,NULL,'7C9CE042CA320A616D4E49C0225095B8','2014-05-19 21:21:00',0),('405d6e6b13a16c9d6a60dd0ce5bfacdf',1,'frm tres cuatro','desc form','frm formulario',NULL,NULL,'7C9CE042CA320A616D4E49C0225095B8','2014-05-19 21:48:12',0),('46ec3e8a6c6b41c6575345ebc0cdc649',1,'Nombre del formulario1','descripcion del formulario','formulariocorto1',1,NULL,'7C9CE042CA320A616D4E49C0225095B8','2014-05-19 20:21:50',0),('50290ec1aee17fb0b20bea0434fb3a13',1,'Formulario con subformulario y componentes','descripcion del subformulario','subfrm con componentes',1,'2014-05-20','5236998CD7A88DAF83DD98552D0D9595','2014-05-20 17:39:30',0),('62df45213197f92e046788dd889e2b3b',1,'Compra venta','descripcion  del formulario dinamico','compraventa',1,'2014-05-30','CBBF78627F29716C64629CACE6FBD0C7','2014-05-30 20:10:01',0),('7108752b0504e73075fdd2feb99f4ded',1,'adfdasf dsf afdsdsafdsafdsaf','adfdafdsa fsad adsf','dsafds',1,'2014-05-19','1AA6E2061F0B558DD9974C1BBA554BF0','2014-05-19 22:46:33',0),('99c06b81704b1563bb5f5c2c124c3c6b',1,'Mi formulario con seter uno','mi form con seter de publicado uno','mfcsuno',NULL,NULL,'7C9CE042CA320A616D4E49C0225095B8','2014-05-19 21:01:27',0),('9b4ce86e3488ef7a5213d3521100fc53',1,'xcvcxv','vcxvxcv','cxvcx',1,NULL,'C3182F48680F1F211C45D0E4F998BFDF','2014-05-19 20:21:50',0),('a5c9d7cb08f75f0923c6b2b8422f53b9',1,'Formulario con orden','formulario con orden correcto','orden1',1,'2014-05-19','B1CF41077778AD4BCA702C5F57E4B105','2014-05-20 02:28:27',0),('a92727913d8c0778c6be08bfe360e919',1,'Nombre del formulario','desc del formulario','corto el formulario',1,'2014-05-19','1AA6E2061F0B558DD9974C1BBA554BF0','2014-05-20 01:33:55',0),('c0f45fece476e4d473348e5d99e2d6d8',1,'Nombre formulario dos','desc2','frm_dos',NULL,NULL,'7C9CE042CA320A616D4E49C0225095B8','2014-05-19 21:31:25',0),('c373edc181412352bae596c93b4649e6',1,'frmseter','Descripcion de seter frm_dinamico','frmseteruno',NULL,NULL,'7C9CE042CA320A616D4E49C0225095B8','2014-05-19 21:06:23',0),('c52263ef2e99c3aeabb64bc2b19744ff',1,'Nuevo formulario','desc form2','form2',1,NULL,'7C9CE042CA320A616D4E49C0225095B8','2014-05-19 20:21:50',0),('cb41b126c74c43fccc3c5aa8e6f2ed24',1,'form 3','desc frm3','frm3',1,NULL,'7C9CE042CA320A616D4E49C0225095B8','2014-05-19 20:21:50',0),('d02bcb37adf77da4630e34d85be305e7',1,'Nuevo formulario Intestamentaria','Intestamentaria prueba 1','Intestamentaria frm1',1,NULL,'7C9CE042CA320A616D4E49C0225095B8','2014-05-19 19:04:26',0),('e93da23f4fdd051170f3279ea73c8b74',1,'Nombre de formulario combo','formulario con combobox','combo1',1,'2014-05-19','1AA6E2061F0B558DD9974C1BBA554BF0','2014-05-20 00:09:06',0),('f4cc177f7ff7477e9f7befe16996b01c',1,'Nombre form','descripcion del formulario','nombrecort',1,NULL,'7C9CE042CA320A616D4E49C0225095B8','2014-05-19 20:21:50',0),('f592bc937f95c47dfdb49e83bd85485a',1,'Formulario demo','lista demo','frm_demo',1,'2014-05-20','7261711719F79EA026919D2F8B942DB2','2014-05-21 02:19:39',0),('fa9b6b939dd8441a34104285b6d7fab2',1,'nuevo formulario seter','seter de formulario dinamico para probar','frm_seter',NULL,NULL,'7C9CE042CA320A616D4E49C0225095B8','2014-05-19 21:04:27',0),('fb2c889ca0c92f38f5222d91956cc51a',1,'adsasd','sadasd','sadasd',1,NULL,'C3182F48680F1F211C45D0E4F998BFDF','2014-05-19 20:21:50',0),('fe672862322868904cf9a70ac7b08334',1,'Nuevo formulario tres','descripcion de formulario tres','frm_prueba tres',NULL,NULL,'7C9CE042CA320A616D4E49C0225095B8','2014-05-19 21:39:34',0);
INSERT INTO `tbbsnm47` VALUES ('1220b04f7c65d9d72a025d6d65854835','1ff1de774005f8da13f42943881c655f','50290ec1aee17fb0b20bea0434fb3a13',1,'5236998CD7A88DAF83DD98552D0D9595','2014-05-20 17:39:29'),('194cf43d1a54d46669b3cdc3ba3514ac','1ff1de774005f8da13f42943881c655f','fe672862322868904cf9a70ac7b08334',1,'7C9CE042CA320A616D4E49C0225095B8','2014-05-19 21:39:34'),('1ab87dca18e2788549bdf4bfd8563b96','1ff1de774005f8da13f42943881c655f','c0f45fece476e4d473348e5d99e2d6d8',1,'7C9CE042CA320A616D4E49C0225095B8','2014-05-19 21:31:25'),('1f1022831b102a06126e0d759a91281b','1ff1de774005f8da13f42943881c655f','a5c9d7cb08f75f0923c6b2b8422f53b9',1,'B1CF41077778AD4BCA702C5F57E4B105','2014-05-20 02:28:27'),('450ef00e47b55074dd5ca0dd6042ea15','1ff1de774005f8da13f42943881c655f','cb41b126c74c43fccc3c5aa8e6f2ed24',1,'7C9CE042CA320A616D4E49C0225095B8','2014-05-19 19:23:37'),('4c0ed8981aa94cfc34ff263fc54f0fe9','1ff1de774005f8da13f42943881c655f','405d6e6b13a16c9d6a60dd0ce5bfacdf',1,'7C9CE042CA320A616D4E49C0225095B8','2014-05-19 21:48:12'),('50baf7ab0ec1a3eaa07476edd198a1b2','eccbc87e4b5ce2fe28308fd9f2a7baf3','46ec3e8a6c6b41c6575345ebc0cdc649',1,'7C9CE042CA320A616D4E49C0225095B8','2014-05-19 17:05:00'),('622e7e412244d0b76229a91b12f66aea','1ff1de774005f8da13f42943881c655f','c373edc181412352bae596c93b4649e6',1,'7C9CE042CA320A616D4E49C0225095B8','2014-05-19 21:06:23'),('6284b2f187f01afd0d5a2201579e8165','1ff1de774005f8da13f42943881c655f','16a4cb565f5a46a0c0e60e6e72cf1ff5',1,'B1CF41077778AD4BCA702C5F57E4B105','2014-05-20 03:07:57'),('6352f66adff1d28473f3eee988d19f29','1ff1de774005f8da13f42943881c655f','d02bcb37adf77da4630e34d85be305e7',1,'7C9CE042CA320A616D4E49C0225095B8','2014-05-19 18:48:44'),('67d089bcc70da964ce26ffb63f10dc01','182be0c5cdcd5072bb1864cdee4d3d6e','fb2c889ca0c92f38f5222d91956cc51a',1,'C3182F48680F1F211C45D0E4F998BFDF','2014-05-16 19:47:16'),('7685375a29f15b15363357b1d331f8ad','a87ff679a2f3e71d9181a67b7542122c','f4cc177f7ff7477e9f7befe16996b01c',1,'7C9CE042CA320A616D4E49C0225095B8','2014-05-19 16:50:34'),('7f004174c998150862fb4796eefe6657','1ff1de774005f8da13f42943881c655f','fa9b6b939dd8441a34104285b6d7fab2',1,'7C9CE042CA320A616D4E49C0225095B8','2014-05-19 21:04:27'),('88e1325450ba6537b7e41d8a5c674938','1ff1de774005f8da13f42943881c655f','e93da23f4fdd051170f3279ea73c8b74',1,'1AA6E2061F0B558DD9974C1BBA554BF0','2014-05-20 00:09:06'),('8ca03196d5ff35aa883a976668d23916','1ff1de774005f8da13f42943881c655f','f592bc937f95c47dfdb49e83bd85485a',1,'7261711719F79EA026919D2F8B942DB2','2014-05-21 02:19:39'),('922066432eaa1b40b3946307b9928564','1ff1de774005f8da13f42943881c655f','7108752b0504e73075fdd2feb99f4ded',1,'1AA6E2061F0B558DD9974C1BBA554BF0','2014-05-19 22:46:33'),('9ef8eb7725db2c04dca8502b405ed436','e4da3b7fbbce2345d7772b0674a318d5','9b4ce86e3488ef7a5213d3521100fc53',1,'C3182F48680F1F211C45D0E4F998BFDF','2014-05-16 19:50:15'),('a5a742f5059b9c440c5957da144e5af8','182be0c5cdcd5072bb1864cdee4d3d6e','9b4ce86e3488ef7a5213d3521100fc53',1,'C3182F48680F1F211C45D0E4F998BFDF','2014-05-16 19:50:15'),('ada5d093ca5af5c39f2f4260f2536f3f','1ff1de774005f8da13f42943881c655f','0a3a62cf322a49afcb12054469939974',1,'1AA6E2061F0B558DD9974C1BBA554BF0','2014-05-19 23:54:44'),('b0c310b4faeb484451efa1759912a40f','1ff1de774005f8da13f42943881c655f','c52263ef2e99c3aeabb64bc2b19744ff',1,'7C9CE042CA320A616D4E49C0225095B8','2014-05-19 19:22:09'),('cba415bf77f9b6d617d7297d51f46326','1ff1de774005f8da13f42943881c655f','3848b9269d485431cb41fd0c4d5dcee6',1,'7C9CE042CA320A616D4E49C0225095B8','2014-05-19 21:21:00'),('d749b4b752ca15d66d5f51c49266d740','1ff1de774005f8da13f42943881c655f','99c06b81704b1563bb5f5c2c124c3c6b',1,'7C9CE042CA320A616D4E49C0225095B8','2014-05-19 21:01:27'),('da53b838557952d5a9cb63c3a2398272','1ff1de774005f8da13f42943881c655f','a92727913d8c0778c6be08bfe360e919',1,'1AA6E2061F0B558DD9974C1BBA554BF0','2014-05-20 01:33:55'),('f1cb74fae07640c8abab4a939f62402e','3c59dc048e8850243be8079a5c74d079','62df45213197f92e046788dd889e2b3b',1,'CBBF78627F29716C64629CACE6FBD0C7','2014-05-30 20:10:00');
INSERT INTO `tbbsnm48` VALUES ('02ee180734859fc9fb6ebdd9f7a0d874','eccbc87e4b5ce2fe28308fd9f2a7baf3','fe672862322868904cf9a70ac7b08334',1,0,'7C9CE042CA320A616D4E49C0225095B8','2014-05-19 21:39:34'),('06018ca1ba2567abf751fd5f3d2113b2','eccbc87e4b5ce2fe28308fd9f2a7baf3','46ec3e8a6c6b41c6575345ebc0cdc649',1,0,'7C9CE042CA320A616D4E49C0225095B8','2014-05-19 17:05:00'),('06e61295936405da2ad9276c3dda3271','e4da3b7fbbce2345d7772b0674a318d5','9b4ce86e3488ef7a5213d3521100fc53',1,0,'C3182F48680F1F211C45D0E4F998BFDF','2014-05-16 19:50:15'),('0f5d0fb432e47de47cce57b42d381ecb','eccbc87e4b5ce2fe28308fd9f2a7baf3','0a3a62cf322a49afcb12054469939974',1,0,'1AA6E2061F0B558DD9974C1BBA554BF0','2014-05-19 23:54:44'),('14cc7472d7b599cd8f66d2187e91577c','b91b0217a8b64df836d5f95f5a091a3a','a5c9d7cb08f75f0923c6b2b8422f53b9',1,0,'B1CF41077778AD4BCA702C5F57E4B105','2014-05-20 02:28:27'),('163f323d3399457b8527438e59d06e14','b91b0217a8b64df836d5f95f5a091a3a','cb41b126c74c43fccc3c5aa8e6f2ed24',1,0,'7C9CE042CA320A616D4E49C0225095B8','2014-05-19 19:23:37'),('18fb0d7f9c49afd53a44827effd387f7','eccbc87e4b5ce2fe28308fd9f2a7baf3','62df45213197f92e046788dd889e2b3b',1,0,'CBBF78627F29716C64629CACE6FBD0C7','2014-05-30 20:10:00'),('1ae505d2d193708d55e6bf910553dcfa','eccbc87e4b5ce2fe28308fd9f2a7baf3','f592bc937f95c47dfdb49e83bd85485a',1,0,'7261711719F79EA026919D2F8B942DB2','2014-05-21 02:19:39'),('2625af868d7a213c204361ffc0ec7925','eccbc87e4b5ce2fe28308fd9f2a7baf3','fb2c889ca0c92f38f5222d91956cc51a',1,0,'C3182F48680F1F211C45D0E4F998BFDF','2014-05-16 19:47:16'),('26add92f3d47454ac94cf6d7fa069598','b91b0217a8b64df836d5f95f5a091a3a','fe672862322868904cf9a70ac7b08334',1,0,'7C9CE042CA320A616D4E49C0225095B8','2014-05-19 21:39:34'),('2e56eca7c8cacca0a02e65abee7f794e','b91b0217a8b64df836d5f95f5a091a3a','7108752b0504e73075fdd2feb99f4ded',1,0,'1AA6E2061F0B558DD9974C1BBA554BF0','2014-05-19 22:46:33'),('31d844474c4ddf7f9fc7d1e3e2a1b264','b91b0217a8b64df836d5f95f5a091a3a','f592bc937f95c47dfdb49e83bd85485a',1,0,'7261711719F79EA026919D2F8B942DB2','2014-05-21 02:19:39'),('32a8830a98e7213575bfe4ebf3af527a','eccbc87e4b5ce2fe28308fd9f2a7baf3','a5c9d7cb08f75f0923c6b2b8422f53b9',1,0,'B1CF41077778AD4BCA702C5F57E4B105','2014-05-20 02:28:27'),('4a444a0717d40a40bf32301abd807088','b91b0217a8b64df836d5f95f5a091a3a','0a3a62cf322a49afcb12054469939974',1,0,'1AA6E2061F0B558DD9974C1BBA554BF0','2014-05-19 23:54:44'),('4da4308cb69572da6166184b881ff6c5','eccbc87e4b5ce2fe28308fd9f2a7baf3','d02bcb37adf77da4630e34d85be305e7',1,0,'7C9CE042CA320A616D4E49C0225095B8','2014-05-19 18:48:44'),('4e5556220fba77f3dfa3f01644247de9','b91b0217a8b64df836d5f95f5a091a3a','fa9b6b939dd8441a34104285b6d7fab2',1,0,'7C9CE042CA320A616D4E49C0225095B8','2014-05-19 21:04:27'),('504c436354e8a35bbbc50c643ab4fc4a','b91b0217a8b64df836d5f95f5a091a3a','99c06b81704b1563bb5f5c2c124c3c6b',1,0,'7C9CE042CA320A616D4E49C0225095B8','2014-05-19 21:01:27'),('5afbcb285791274c7575a8e1d715709a','b91b0217a8b64df836d5f95f5a091a3a','16a4cb565f5a46a0c0e60e6e72cf1ff5',1,0,'B1CF41077778AD4BCA702C5F57E4B105','2014-05-20 03:07:57'),('62f247242fa402b50c00a5de26e3e322','b91b0217a8b64df836d5f95f5a091a3a','a92727913d8c0778c6be08bfe360e919',1,0,'1AA6E2061F0B558DD9974C1BBA554BF0','2014-05-20 01:33:55'),('661b1b51c8e85b1b50d00e91c6b03e14','eccbc87e4b5ce2fe28308fd9f2a7baf3','16a4cb565f5a46a0c0e60e6e72cf1ff5',1,0,'B1CF41077778AD4BCA702C5F57E4B105','2014-05-20 03:07:57'),('6a527a9fc4d928d2db4c3fc749c38859','eccbc87e4b5ce2fe28308fd9f2a7baf3','cb41b126c74c43fccc3c5aa8e6f2ed24',1,0,'7C9CE042CA320A616D4E49C0225095B8','2014-05-19 19:23:37'),('6fd3114f4bac779154f569fb06263d42','cfcd208495d565ef66e7dff9f98764da','f4cc177f7ff7477e9f7befe16996b01c',1,0,'7C9CE042CA320A616D4E49C0225095B8','2014-05-19 16:50:34'),('7002799f1bdc5fbd3227bd2ab54a8712','eccbc87e4b5ce2fe28308fd9f2a7baf3','3848b9269d485431cb41fd0c4d5dcee6',1,0,'7C9CE042CA320A616D4E49C0225095B8','2014-05-19 21:21:00'),('750d3db126d06211614fcc2dc160f7e7','eccbc87e4b5ce2fe28308fd9f2a7baf3','c0f45fece476e4d473348e5d99e2d6d8',1,0,'7C9CE042CA320A616D4E49C0225095B8','2014-05-19 21:31:25'),('87363438167521ed489a27c6d02d804c','eccbc87e4b5ce2fe28308fd9f2a7baf3','c373edc181412352bae596c93b4649e6',1,0,'7C9CE042CA320A616D4E49C0225095B8','2014-05-19 21:06:23'),('8fdf88e47b2f10bd759a42683c45cef3','b91b0217a8b64df836d5f95f5a091a3a','3848b9269d485431cb41fd0c4d5dcee6',1,0,'7C9CE042CA320A616D4E49C0225095B8','2014-05-19 21:21:00'),('9e7fe467b9eb5c56755b387f80bf331f','eccbc87e4b5ce2fe28308fd9f2a7baf3','a92727913d8c0778c6be08bfe360e919',1,0,'1AA6E2061F0B558DD9974C1BBA554BF0','2014-05-20 01:33:55'),('a9fada22ea9d482dea806c88e23e0438','b91b0217a8b64df836d5f95f5a091a3a','405d6e6b13a16c9d6a60dd0ce5bfacdf',1,0,'7C9CE042CA320A616D4E49C0225095B8','2014-05-19 21:48:12'),('ac1ad52af1039805fa6838d4420ddc3a','eccbc87e4b5ce2fe28308fd9f2a7baf3','99c06b81704b1563bb5f5c2c124c3c6b',1,0,'7C9CE042CA320A616D4E49C0225095B8','2014-05-19 21:01:27'),('acef1b18ac1da21cc0919ec4d2bc4eae','b91b0217a8b64df836d5f95f5a091a3a','d02bcb37adf77da4630e34d85be305e7',1,0,'7C9CE042CA320A616D4E49C0225095B8','2014-05-19 18:48:44'),('ad37e85588c89543e6779fcf432bb1df','cfcd208495d565ef66e7dff9f98764da','46ec3e8a6c6b41c6575345ebc0cdc649',1,0,'7C9CE042CA320A616D4E49C0225095B8','2014-05-19 17:05:00'),('b61e3b0790c35275471911bf5d96011c','eccbc87e4b5ce2fe28308fd9f2a7baf3','9b4ce86e3488ef7a5213d3521100fc53',1,0,'C3182F48680F1F211C45D0E4F998BFDF','2014-05-16 19:50:15'),('b6de452bba3f29f96b1b1f502cec431d','b91b0217a8b64df836d5f95f5a091a3a','50290ec1aee17fb0b20bea0434fb3a13',1,0,'5236998CD7A88DAF83DD98552D0D9595','2014-05-20 17:39:29'),('b737ef6f9718f427ba740617be78fa20','eccbc87e4b5ce2fe28308fd9f2a7baf3','7108752b0504e73075fdd2feb99f4ded',1,0,'1AA6E2061F0B558DD9974C1BBA554BF0','2014-05-19 22:46:33'),('b7832ee0c5a9999da44eb2ab79f3b9b5','b91b0217a8b64df836d5f95f5a091a3a','c373edc181412352bae596c93b4649e6',1,0,'7C9CE042CA320A616D4E49C0225095B8','2014-05-19 21:06:23'),('bd2f681566772c54b1a384d35547c341','eccbc87e4b5ce2fe28308fd9f2a7baf3','50290ec1aee17fb0b20bea0434fb3a13',1,0,'5236998CD7A88DAF83DD98552D0D9595','2014-05-20 17:39:29'),('bdb25470a5b8c84de259fa1fb7600faf','eccbc87e4b5ce2fe28308fd9f2a7baf3','405d6e6b13a16c9d6a60dd0ce5bfacdf',1,0,'7C9CE042CA320A616D4E49C0225095B8','2014-05-19 21:48:12'),('c69750341dfbbe69c5080e845d9da374','b91b0217a8b64df836d5f95f5a091a3a','c52263ef2e99c3aeabb64bc2b19744ff',1,0,'7C9CE042CA320A616D4E49C0225095B8','2014-05-19 19:22:09'),('cc0730f7a159f2e2d6871499cff64948','eccbc87e4b5ce2fe28308fd9f2a7baf3','c52263ef2e99c3aeabb64bc2b19744ff',1,0,'7C9CE042CA320A616D4E49C0225095B8','2014-05-19 19:22:09'),('d1af76cf8b7046e6114b1e24de96302f','eccbc87e4b5ce2fe28308fd9f2a7baf3','fa9b6b939dd8441a34104285b6d7fab2',1,0,'7C9CE042CA320A616D4E49C0225095B8','2014-05-19 21:04:27'),('e4b764f70547045fba067d60562ce88f','b91b0217a8b64df836d5f95f5a091a3a','c0f45fece476e4d473348e5d99e2d6d8',1,0,'7C9CE042CA320A616D4E49C0225095B8','2014-05-19 21:31:25'),('f810e795ebd0ddfe46ca39b29bdaf7ea','eccbc87e4b5ce2fe28308fd9f2a7baf3','e93da23f4fdd051170f3279ea73c8b74',1,0,'1AA6E2061F0B558DD9974C1BBA554BF0','2014-05-20 00:09:06'),('f9142cc62c5d2f2b4b68185bb38a4036','b91b0217a8b64df836d5f95f5a091a3a','f4cc177f7ff7477e9f7befe16996b01c',1,0,'7C9CE042CA320A616D4E49C0225095B8','2014-05-19 16:50:34'),('f914c4f0c2185f7e8a11b1b457184043','b91b0217a8b64df836d5f95f5a091a3a','62df45213197f92e046788dd889e2b3b',1,0,'CBBF78627F29716C64629CACE6FBD0C7','2014-05-30 20:10:00'),('fe9ac33c177c330424460be0fa198555','b91b0217a8b64df836d5f95f5a091a3a','e93da23f4fdd051170f3279ea73c8b74',1,0,'1AA6E2061F0B558DD9974C1BBA554BF0','2014-05-20 00:09:06');
INSERT INTO `tbbsnm49` VALUES ('0c4a767c5f84f1836762c27cc5a18db4',NULL,'subfrm con componentes_subform_1',0,0,'50290ec1aee17fb0b20bea0434fb3a13',1,'5236998CD7A88DAF83DD98552D0D9595','2014-05-20 17:39:29'),('4151aee0e9afd8ed1a885162454e414c',NULL,'subfrm con componentes_subform_0',0,0,'50290ec1aee17fb0b20bea0434fb3a13',1,'5236998CD7A88DAF83DD98552D0D9595','2014-05-20 17:39:29'),('8dbf4dafae3bbf0c797af3d832f63603',NULL,'nombrecort_subform_0',0,0,'f4cc177f7ff7477e9f7befe16996b01c',1,'7C9CE042CA320A616D4E49C0225095B8','2014-05-19 16:50:34'),('901b30c7314f157a9db2458c4ccafee4',NULL,'formulariocorto1_subform_0',0,0,'46ec3e8a6c6b41c6575345ebc0cdc649',1,'7C9CE042CA320A616D4E49C0225095B8','2014-05-19 17:05:00'),('a00a09b5afb8fd778144d11107101965',NULL,'subform_subform_0',0,0,'16a4cb565f5a46a0c0e60e6e72cf1ff5',1,'B1CF41077778AD4BCA702C5F57E4B105','2014-05-20 03:07:57'),('a3bfe28946ba01062383b84ad6211b55',NULL,'formulariocorto1_subform_1',0,0,'46ec3e8a6c6b41c6575345ebc0cdc649',1,'7C9CE042CA320A616D4E49C0225095B8','2014-05-19 17:05:00'),('a65d70ca3eb31bec5ab8f64195261dee',NULL,'subform_subform_1',0,0,'16a4cb565f5a46a0c0e60e6e72cf1ff5',1,'B1CF41077778AD4BCA702C5F57E4B105','2014-05-20 03:07:57');
INSERT INTO `tbbsnm50` VALUES ('021d6fd416d328fed8297f5f5248a6b5','d9d4f495e875a2e075a1a4a6e1b9770f','fechatres',NULL,NULL,NULL,NULL,NULL,NULL,'oij','oidsj',0,'cb41b126c74c43fccc3c5aa8e6f2ed24',1,NULL,0,'7C9CE042CA320A616D4E49C0225095B8','2014-05-19 19:23:37',NULL,0),('031c2916d870108b41887acbf38bde03','d9d4f495e875a2e075a1a4a6e1b9770f','sad',NULL,NULL,NULL,NULL,NULL,NULL,'sadsadsadsadasoidhoisahduash','dsadsada',0,'fa9b6b939dd8441a34104285b6d7fab2',1,NULL,0,'7C9CE042CA320A616D4E49C0225095B8','2014-05-19 21:04:27',NULL,0),('0491a19129edca18db49718f942fd750','d9d4f495e875a2e075a1a4a6e1b9770f','sdf',NULL,NULL,NULL,NULL,NULL,NULL,'dsfsd','dsf',1,'46ec3e8a6c6b41c6575345ebc0cdc649',1,NULL,0,'7C9CE042CA320A616D4E49C0225095B8','2014-05-19 17:05:00',NULL,0),('09903340a01f3310bc0d26124753d389','d9d4f495e875a2e075a1a4a6e1b9770f','ads',NULL,NULL,NULL,NULL,NULL,NULL,'dsa','ads',NULL,'99c06b81704b1563bb5f5c2c124c3c6b',1,NULL,0,'7C9CE042CA320A616D4E49C0225095B8','2014-05-19 21:01:27',NULL,0),('1510a3ef01306e6437535e84b089704c','f457c545a9ded88f18ecee47145a72c0','Desplegable tres',NULL,NULL,NULL,'uno,dos,tres',NULL,NULL,'vardesptres','desptres',NULL,'a5c9d7cb08f75f0923c6b2b8422f53b9',1,NULL,0,'B1CF41077778AD4BCA702C5F57E4B105','2014-05-20 02:28:27',NULL,3),('20c0667698ecae2aa799229883037e4a','642e92efb79421734881b53e1e1b18b6','sdfsdfsdfdsf',NULL,NULL,NULL,NULL,NULL,NULL,'subform_0',NULL,NULL,'46ec3e8a6c6b41c6575345ebc0cdc649',1,NULL,1,'7C9CE042CA320A616D4E49C0225095B8','2014-05-19 17:05:00',0,0),('26822715f70adc59ce7d7ba9b9cf1a9e','642e92efb79421734881b53e1e1b18b6','Subform uno',NULL,NULL,NULL,NULL,NULL,NULL,'subform_0',NULL,0,'16a4cb565f5a46a0c0e60e6e72cf1ff5',1,NULL,1,'B1CF41077778AD4BCA702C5F57E4B105','2014-05-20 03:07:57',0,0),('287cf1d59ac37dc715e16f8829118a59','d9d4f495e875a2e075a1a4a6e1b9770f','Mi nombre de fecha',NULL,NULL,NULL,NULL,NULL,NULL,'fechaone','sin ayuda fecha',NULL,'0a3a62cf322a49afcb12054469939974',1,NULL,0,'1AA6E2061F0B558DD9974C1BBA554BF0','2014-05-19 23:54:44',NULL,0),('295d604ec67123f3bb455174a97a40cf','9a1158154dfa42caddbd0694a4e9bdc8','Multiple cuatrp',NULL,NULL,NULL,'uno,dos,tres',NULL,NULL,'varmulcuatro','cuatrepo',NULL,'a5c9d7cb08f75f0923c6b2b8422f53b9',1,NULL,0,'B1CF41077778AD4BCA702C5F57E4B105','2014-05-20 02:28:27',NULL,4),('2a0b544088d7e83eedf013295b8fe0b7','d9d4f495e875a2e075a1a4a6e1b9770f','asd',NULL,NULL,NULL,NULL,NULL,NULL,'asdasd','asdasd',NULL,'99c06b81704b1563bb5f5c2c124c3c6b',1,NULL,0,'7C9CE042CA320A616D4E49C0225095B8','2014-05-19 21:01:27',NULL,0),('2d5a6b8d39e016db438dd769d59e24a5','d82c8d1619ad8176d665453cfb2e55f0','Campo de si o no',NULL,NULL,NULL,NULL,NULL,NULL,'sino','mi campo si o no',NULL,'62df45213197f92e046788dd889e2b3b',1,NULL,0,'CBBF78627F29716C64629CACE6FBD0C7','2014-05-30 20:10:00',NULL,2),('2f71b9aa6b28243966c1174e21a5d73a','6c8349cc7260ae62e3b1396831a8398f','Campo dos',NULL,10,'aisjdoiajs',NULL,NULL,NULL,'cdos','campodos',NULL,'a92727913d8c0778c6be08bfe360e919',1,NULL,0,'1AA6E2061F0B558DD9974C1BBA554BF0','2014-05-20 01:33:55',NULL,0),('2fad9d8831e80638642890cb1660fb05','d9d4f495e875a2e075a1a4a6e1b9770f','Campo de fecha ok',NULL,NULL,NULL,NULL,NULL,NULL,'varfecha','ayuda ok',0,'f592bc937f95c47dfdb49e83bd85485a',1,NULL,0,'7261711719F79EA026919D2F8B942DB2','2014-05-21 02:19:39',NULL,0),('315a64142d1f284fc6b30bbfc3ef42dd','d9d4f495e875a2e075a1a4a6e1b9770f','Nuevo campo de fecha',NULL,NULL,NULL,NULL,NULL,NULL,'mifecha','ayuda',0,'d02bcb37adf77da4630e34d85be305e7',1,NULL,0,'7C9CE042CA320A616D4E49C0225095B8','2014-05-19 18:48:44',NULL,0),('3b7d280d6bb730b32e0a33c3613fa7a9','6c8349cc7260ae62e3b1396831a8398f','texto uno',NULL,10,'texto2',NULL,NULL,NULL,'textouno','texto',NULL,'c52263ef2e99c3aeabb64bc2b19744ff',1,NULL,0,'7C9CE042CA320A616D4E49C0225095B8','2014-05-19 19:22:09',NULL,0),('3dab4188d502e3a3bce215798b398e13','d9d4f495e875a2e075a1a4a6e1b9770f','Fecha de la hipoteca',NULL,NULL,NULL,NULL,NULL,NULL,'fechaprueba','Campo de ayuda',0,'62df45213197f92e046788dd889e2b3b',1,NULL,0,'CBBF78627F29716C64629CACE6FBD0C7','2014-05-30 20:10:00',NULL,0),('402e0003bfb7d5cce0cd3336052532ec','2838023a778dfaecdc212708f721b788','Casilla de verificacion',NULL,NULL,NULL,'valoruno, valor dos, valor tres',NULL,NULL,'nombreveri','verificacion',NULL,'62df45213197f92e046788dd889e2b3b',1,NULL,0,'CBBF78627F29716C64629CACE6FBD0C7','2014-05-30 20:10:00',NULL,3),('421155b9ea062ec717d1934c1d9bb4a7','d9d4f495e875a2e075a1a4a6e1b9770f','Campo cero fecha',NULL,NULL,NULL,NULL,NULL,NULL,'fechacero','fecha',0,'a5c9d7cb08f75f0923c6b2b8422f53b9',1,NULL,0,'B1CF41077778AD4BCA702C5F57E4B105','2014-05-20 02:28:27',NULL,0),('42789288676190f0b3f89a7bec501b2c','f457c545a9ded88f18ecee47145a72c0','Mi lista desplegable uno',NULL,NULL,NULL,'uno,dos,tres,cuatro,cinco',NULL,NULL,'desplegableuno','sin ayuda',NULL,'50290ec1aee17fb0b20bea0434fb3a13',1,NULL,0,'5236998CD7A88DAF83DD98552D0D9595','2014-05-20 17:39:29',NULL,2),('4a00a3132e11aa750cb734a3572daa52','c0c7c76d30bd3dcaefc96f40275bdc0a','Select cinco',NULL,NULL,NULL,'uno,dos,tres',NULL,NULL,'cincovartxt','cincotext',NULL,'a5c9d7cb08f75f0923c6b2b8422f53b9',1,NULL,0,'B1CF41077778AD4BCA702C5F57E4B105','2014-05-20 02:28:27',NULL,5),('50f1237fc164210ce728469a79a32918','d9d4f495e875a2e075a1a4a6e1b9770f','dsfdsf',NULL,NULL,NULL,NULL,NULL,NULL,'fsdf','dsfsdfsd',NULL,'c0f45fece476e4d473348e5d99e2d6d8',1,NULL,0,'7C9CE042CA320A616D4E49C0225095B8','2014-05-19 21:31:25',NULL,0),('56170c01709a9807cfbd86e8fabac28b','9a1158154dfa42caddbd0694a4e9bdc8','Campo de opcion multiple',NULL,NULL,NULL,'valor1,valo2,valo3',NULL,NULL,'campmulprue','ayuda opcion multiple',NULL,'62df45213197f92e046788dd889e2b3b',1,NULL,0,'CBBF78627F29716C64629CACE6FBD0C7','2014-05-30 20:10:00',NULL,1),('57657cd81a37235b66a7eb34daefbbd3','67c6a1e7ce56d3d6fa748ab6d9af3fd7','Con titulo',NULL,NULL,NULL,NULL,NULL,NULL,NULL,NULL,NULL,'e93da23f4fdd051170f3279ea73c8b74',1,NULL,0,'1AA6E2061F0B558DD9974C1BBA554BF0','2014-05-20 00:09:06',NULL,0),('5e4be97005133a2a42a2763808f87606','6c8349cc7260ae62e3b1396831a8398f','Otro campo de texto',NULL,5,'ijfoidsjf',NULL,NULL,NULL,'sinayuda','sin ayuda',NULL,'0a3a62cf322a49afcb12054469939974',1,NULL,0,'1AA6E2061F0B558DD9974C1BBA554BF0','2014-05-19 23:54:44',NULL,0),('634ef190ab7854675e62d6d39fef4c35','d9d4f495e875a2e075a1a4a6e1b9770f','ads',NULL,NULL,NULL,NULL,NULL,NULL,'asd','das',0,'99c06b81704b1563bb5f5c2c124c3c6b',1,NULL,0,'7C9CE042CA320A616D4E49C0225095B8','2014-05-19 21:01:27',NULL,0),('668ab190fb031e372281f3f5c9117fa4','642e92efb79421734881b53e1e1b18b6','sdf',NULL,NULL,NULL,NULL,NULL,NULL,'fds','dsf',0,'f4cc177f7ff7477e9f7befe16996b01c',1,NULL,1,'7C9CE042CA320A616D4E49C0225095B8','2014-05-19 16:50:34',0,0),('6cb9e3760c7b700dfda0a22f778a3b84','d9d4f495e875a2e075a1a4a6e1b9770f','sadf',NULL,NULL,NULL,NULL,NULL,NULL,'adsfsdf','dsafdsafa',0,'7108752b0504e73075fdd2feb99f4ded',1,NULL,0,'1AA6E2061F0B558DD9974C1BBA554BF0','2014-05-19 22:46:33',NULL,0),('6fe47ec9e9386f418042e2f55326d0da','d9d4f495e875a2e075a1a4a6e1b9770f','Campo cinco',NULL,NULL,NULL,NULL,NULL,NULL,'ccinco','ccinco',NULL,'a92727913d8c0778c6be08bfe360e919',1,NULL,0,'1AA6E2061F0B558DD9974C1BBA554BF0','2014-05-20 01:33:55',NULL,0),('71bbef5e48e60440def40dc081a6f4d9','d9d4f495e875a2e075a1a4a6e1b9770f','Campo tres',NULL,NULL,NULL,NULL,NULL,NULL,'ctres','ctres',NULL,'a92727913d8c0778c6be08bfe360e919',1,NULL,0,'1AA6E2061F0B558DD9974C1BBA554BF0','2014-05-20 01:33:55',NULL,0),('7de9a5b9ad797aad92680377d84158a5','6c8349cc7260ae62e3b1396831a8398f','Campo de texto uno',NULL,10,'tpodsj',NULL,NULL,NULL,'textuno','textouno',NULL,'a5c9d7cb08f75f0923c6b2b8422f53b9',1,NULL,0,'B1CF41077778AD4BCA702C5F57E4B105','2014-05-20 02:28:27',NULL,1),('81e0a2ab6e0e6ea57f55725f4261950d','d9d4f495e875a2e075a1a4a6e1b9770f','dsf',NULL,NULL,NULL,NULL,NULL,NULL,'fds','dsf',0,'405d6e6b13a16c9d6a60dd0ce5bfacdf',1,NULL,0,'7C9CE042CA320A616D4E49C0225095B8','2014-05-19 21:48:12',NULL,0),('8264c523efea29f4bc1996f7774dbf87','6c8349cc7260ae62e3b1396831a8398f','cxvxc',NULL,324,'vfdvgf',NULL,NULL,NULL,'vxcvxc','vcxvxc',0,'9b4ce86e3488ef7a5213d3521100fc53',1,NULL,0,'C3182F48680F1F211C45D0E4F998BFDF','2014-05-16 19:50:15',NULL,0),('8982e97a70903b755ef8c1110652371e','6c8349cc7260ae62e3b1396831a8398f','Campo de texto s_frm1',NULL,10,'oidjfoijdsf',NULL,NULL,NULL,'subfrmtxtuno','sin ayuda',NULL,NULL,NULL,'4151aee0e9afd8ed1a885162454e414c',1,'5236998CD7A88DAF83DD98552D0D9595','2014-05-20 17:39:29',NULL,NULL),('89e4f3639cff3a9d4ccd74134a30a0f8','d9d4f495e875a2e075a1a4a6e1b9770f','Campo de fecha normal1',NULL,NULL,NULL,NULL,NULL,NULL,'fechauno','sin ayuda',0,'50290ec1aee17fb0b20bea0434fb3a13',1,NULL,0,'5236998CD7A88DAF83DD98552D0D9595','2014-05-20 17:39:29',NULL,0),('8bd052f922ad093ea3d9a174b66e9de5','d9d4f495e875a2e075a1a4a6e1b9770f','dsf',NULL,NULL,NULL,NULL,NULL,NULL,'fds','fds',NULL,'fe672862322868904cf9a70ac7b08334',1,NULL,0,'7C9CE042CA320A616D4E49C0225095B8','2014-05-19 21:39:34',NULL,0),('9458ce502d018eafe7b7b110f3034be4','642e92efb79421734881b53e1e1b18b6','Mi subform dos',NULL,NULL,NULL,NULL,NULL,NULL,'subform_1',NULL,NULL,'50290ec1aee17fb0b20bea0434fb3a13',1,NULL,1,'5236998CD7A88DAF83DD98552D0D9595','2014-05-20 17:39:29',1,3),('9532dfd8d23f60416d4815739ccb0097','6c8349cc7260ae62e3b1396831a8398f','texto subfrm_dos',NULL,10,'safddsf',NULL,NULL,NULL,'textodos','mi ayuda campo de texto',NULL,NULL,NULL,'0c4a767c5f84f1836762c27cc5a18db4',1,'5236998CD7A88DAF83DD98552D0D9595','2014-05-20 17:39:29',NULL,NULL),('95a5c23d6ff90713a6dc83400e9cb886','642e92efb79421734881b53e1e1b18b6','sdfdsfs',NULL,NULL,NULL,NULL,NULL,NULL,'subform_1',NULL,NULL,'46ec3e8a6c6b41c6575345ebc0cdc649',1,NULL,1,'7C9CE042CA320A616D4E49C0225095B8','2014-05-19 17:05:00',1,0),('95e2215961358b2dddde473277b726cc','6c8349cc7260ae62e3b1396831a8398f','textosubformdos',NULL,5,'subformdos',NULL,NULL,NULL,'subformdos','subformdos',NULL,NULL,NULL,'a65d70ca3eb31bec5ab8f64195261dee',1,'B1CF41077778AD4BCA702C5F57E4B105','2014-05-20 03:07:57',NULL,NULL),('98d6ae6d9dfecaf84478e328a9522131','2838023a778dfaecdc212708f721b788','Casilla verificacion uno',NULL,NULL,NULL,'1,2,3,4',NULL,NULL,'verione','sin ayuda',NULL,'e93da23f4fdd051170f3279ea73c8b74',1,NULL,0,'1AA6E2061F0B558DD9974C1BBA554BF0','2014-05-20 00:09:06',NULL,0),('98e454b4d76d9a4ea3c2d9d050818f37','6c8349cc7260ae62e3b1396831a8398f','Campo de texto',NULL,10,'aoisjoidsjfo',NULL,NULL,NULL,'textook','texto de ayuda',NULL,'f592bc937f95c47dfdb49e83bd85485a',1,NULL,0,'7261711719F79EA026919D2F8B942DB2','2014-05-21 02:19:39',NULL,1),('98e4fbe0f7cf263b2b9361890ef2a224','d82c8d1619ad8176d665453cfb2e55f0','sino',NULL,NULL,NULL,NULL,NULL,NULL,'sinook','sin ayuda',NULL,'f592bc937f95c47dfdb49e83bd85485a',1,NULL,0,'7261711719F79EA026919D2F8B942DB2','2014-05-21 02:19:39',NULL,2),('9ab1090d5805b177276eb875bdc4538c','6c8349cc7260ae62e3b1396831a8398f','asdsad',NULL,324,'ssdfsd',NULL,NULL,NULL,'sadasdd','sadsa',0,'fb2c889ca0c92f38f5222d91956cc51a',1,NULL,0,'C3182F48680F1F211C45D0E4F998BFDF','2014-05-16 19:47:16',NULL,0),('9d1a54d90eecf432ed681eb2ce1b1ee6','d9d4f495e875a2e075a1a4a6e1b9770f','Mi campo de fecha dos',NULL,NULL,NULL,NULL,NULL,NULL,'fechadoss','fechados',NULL,'e93da23f4fdd051170f3279ea73c8b74',1,NULL,0,'1AA6E2061F0B558DD9974C1BBA554BF0','2014-05-20 00:09:06',NULL,0),('9d6c72cf3cd73881e5dd17ca56d36517','d9d4f495e875a2e075a1a4a6e1b9770f','dsf',NULL,NULL,NULL,NULL,NULL,NULL,'dsfdsfsdfsdf','dsf',NULL,'46ec3e8a6c6b41c6575345ebc0cdc649',1,NULL,0,'7C9CE042CA320A616D4E49C0225095B8','2014-05-19 17:05:00',NULL,0),('9ef7dc267555c34d37f9e66b59b587fa','2838023a778dfaecdc212708f721b788','Verificacion dos',NULL,NULL,NULL,'1,2,3,4',NULL,NULL,'verdosvar','verdos',NULL,'a5c9d7cb08f75f0923c6b2b8422f53b9',1,NULL,0,'B1CF41077778AD4BCA702C5F57E4B105','2014-05-20 02:28:27',NULL,2),('9f1bc2da8ef2c91566958e53d49b8bbe','d9d4f495e875a2e075a1a4a6e1b9770f','dsfdsf',NULL,NULL,NULL,NULL,NULL,NULL,'dsfds','dsfds',NULL,'7108752b0504e73075fdd2feb99f4ded',1,NULL,0,'1AA6E2061F0B558DD9974C1BBA554BF0','2014-05-19 22:46:33',NULL,0),('a09ed8b5033152f78845d677c7e1b635','d9d4f495e875a2e075a1a4a6e1b9770f','Campo uno',NULL,NULL,NULL,NULL,NULL,NULL,'cuno','fecha',0,'a92727913d8c0778c6be08bfe360e919',1,NULL,0,'1AA6E2061F0B558DD9974C1BBA554BF0','2014-05-20 01:33:55',NULL,0),('a235901029eeefb6fdb4c205a178d14f','d9d4f495e875a2e075a1a4a6e1b9770f','sdfsdf',NULL,NULL,NULL,NULL,NULL,NULL,'sdfs','dsfsdfsdf',0,'c0f45fece476e4d473348e5d99e2d6d8',1,NULL,0,'7C9CE042CA320A616D4E49C0225095B8','2014-05-19 21:31:25',NULL,0),('a3dd2219672da71fec24cadcc0b3981f','f457c545a9ded88f18ecee47145a72c0','Lista desplegable',NULL,NULL,NULL,'1,2,3,4',NULL,NULL,'despone','sin ayuda plegable',NULL,'e93da23f4fdd051170f3279ea73c8b74',1,NULL,0,'1AA6E2061F0B558DD9974C1BBA554BF0','2014-05-20 00:09:06',NULL,0),('a82d0e4fc9a2cc4e78ffd513da21607b','6c8349cc7260ae62e3b1396831a8398f','campo de texto',NULL,10,'ojsaoidjas',NULL,NULL,NULL,'textdosndijpoj','ayudatxtr',NULL,'cb41b126c74c43fccc3c5aa8e6f2ed24',1,NULL,0,'7C9CE042CA320A616D4E49C0225095B8','2014-05-19 19:23:37',NULL,0),('a92df0c7352623392b7cd165cdefac40','d9d4f495e875a2e075a1a4a6e1b9770f','fechasubformuno',NULL,NULL,NULL,NULL,NULL,NULL,'fechasubformuno','s',NULL,NULL,NULL,'a00a09b5afb8fd778144d11107101965',1,'B1CF41077778AD4BCA702C5F57E4B105','2014-05-20 03:07:57',NULL,NULL),('a92df3b6432e3f9d6e1de2d091a3b361','2838023a778dfaecdc212708f721b788','verificacionsubformuno',NULL,NULL,NULL,'uno,dos,tres,cuatro',NULL,NULL,'subformuno','subformuno',NULL,NULL,NULL,'a00a09b5afb8fd778144d11107101965',1,'B1CF41077778AD4BCA702C5F57E4B105','2014-05-20 03:07:57',NULL,NULL),('ab5356999d3e0116a10163e24e21816a','d9d4f495e875a2e075a1a4a6e1b9770f','ads',NULL,NULL,NULL,NULL,NULL,NULL,'dsa','dsa',NULL,'3848b9269d485431cb41fd0c4d5dcee6',1,NULL,0,'7C9CE042CA320A616D4E49C0225095B8','2014-05-19 21:21:00',NULL,0),('abcac77091fcc9a200373c5251998083','6c8349cc7260ae62e3b1396831a8398f','Campo de texto cinco',NULL,10,'oisajdoijsad',NULL,NULL,NULL,'textocincoseis','mi ayuda',NULL,'50290ec1aee17fb0b20bea0434fb3a13',1,NULL,0,'5236998CD7A88DAF83DD98552D0D9595','2014-05-20 17:39:29',NULL,4),('ba5e4ce7a54da9da9fb41f6aa7b7109e','d9d4f495e875a2e075a1a4a6e1b9770f','sfd',NULL,NULL,NULL,NULL,NULL,NULL,'fdsfdsfdsfsfsdfd','dsfdsfds',NULL,'f4cc177f7ff7477e9f7befe16996b01c',1,NULL,0,'7C9CE042CA320A616D4E49C0225095B8','2014-05-19 16:50:34',NULL,0),('c6740ef6674a5dd75168033f22da5269','d9d4f495e875a2e075a1a4a6e1b9770f','fds',NULL,NULL,NULL,NULL,NULL,NULL,'dsf','dsf',0,'fe672862322868904cf9a70ac7b08334',1,NULL,0,'7C9CE042CA320A616D4E49C0225095B8','2014-05-19 21:39:34',NULL,0),('cbecb8b35e770d0da4470f6bce6d5ba1','d9d4f495e875a2e075a1a4a6e1b9770f','sdfdsfdsfdsfdsfds',NULL,NULL,NULL,NULL,NULL,NULL,'fgrttrtr','fsdf',NULL,NULL,NULL,'a3bfe28946ba01062383b84ad6211b55',1,'7C9CE042CA320A616D4E49C0225095B8','2014-05-19 17:05:00',NULL,0),('cc6cf45b58f2e22173a476ff4eb1ff10','6c8349cc7260ae62e3b1396831a8398f','Campo de texto chingon',NULL,10,'dsoifjdsoijfos',NULL,NULL,NULL,'chingon','sin ayuda',0,'0a3a62cf322a49afcb12054469939974',1,NULL,0,'1AA6E2061F0B558DD9974C1BBA554BF0','2014-05-19 23:54:44',NULL,0),('cc736d32bb95f855be7783a06179583f','6c8349cc7260ae62e3b1396831a8398f','txtsubformdosdos',NULL,10,'suhiudsf',NULL,NULL,NULL,'subformdosdos','subformdosdos',NULL,NULL,NULL,'a65d70ca3eb31bec5ab8f64195261dee',1,'B1CF41077778AD4BCA702C5F57E4B105','2014-05-20 03:07:57',NULL,NULL),('cdafdf8fa5469efb096e260b384954e4','d9d4f495e875a2e075a1a4a6e1b9770f','fecha1',NULL,NULL,NULL,NULL,NULL,NULL,'fecha','fecha1',0,'c52263ef2e99c3aeabb64bc2b19744ff',1,NULL,0,'7C9CE042CA320A616D4E49C0225095B8','2014-05-19 19:22:09',NULL,0),('d2df186e64ee23b1d2a766d639cfaf62','d9d4f495e875a2e075a1a4a6e1b9770f','fecha S_frm1',NULL,NULL,NULL,NULL,NULL,NULL,'sfrmfecha','sdf',NULL,NULL,NULL,'4151aee0e9afd8ed1a885162454e414c',1,'5236998CD7A88DAF83DD98552D0D9595','2014-05-20 17:39:29',NULL,NULL),('d7502687be51744ff9bee6389ead6954','d9d4f495e875a2e075a1a4a6e1b9770f','sdfds',NULL,NULL,NULL,NULL,NULL,NULL,'fsdf','fds',NULL,NULL,NULL,'901b30c7314f157a9db2458c4ccafee4',1,'7C9CE042CA320A616D4E49C0225095B8','2014-05-19 17:05:00',NULL,0),('dbe3187708274f3d4ed4ea0bed37c3c2','d9d4f495e875a2e075a1a4a6e1b9770f','dsf',NULL,NULL,NULL,NULL,NULL,NULL,'fsdfre','wer',NULL,NULL,NULL,'8dbf4dafae3bbf0c797af3d832f63603',1,'7C9CE042CA320A616D4E49C0225095B8','2014-05-19 16:50:34',NULL,0),('dc5efae8e87be79e36998e985c51c028','6c8349cc7260ae62e3b1396831a8398f','Campo de texto uno subform uno',NULL,10,'odjoisdjf',NULL,NULL,NULL,'txtsubformuno','subform uno',NULL,NULL,NULL,'a00a09b5afb8fd778144d11107101965',1,'B1CF41077778AD4BCA702C5F57E4B105','2014-05-20 03:07:57',NULL,NULL),('dec9e0cc191c68ed13ad99d05b37914c','2838023a778dfaecdc212708f721b788','Casilla de verificacion',NULL,NULL,NULL,'uno,dos,tres,cuatro',NULL,NULL,'verificaunodos','fsd',NULL,NULL,NULL,'0c4a767c5f84f1836762c27cc5a18db4',1,'5236998CD7A88DAF83DD98552D0D9595','2014-05-20 17:39:29',NULL,NULL),('e0779919915344f4833460371e76fb13','67c6a1e7ce56d3d6fa748ab6d9af3fd7','campotitulo seis',NULL,NULL,NULL,NULL,NULL,NULL,NULL,NULL,NULL,'a5c9d7cb08f75f0923c6b2b8422f53b9',1,NULL,0,'B1CF41077778AD4BCA702C5F57E4B105','2014-05-20 02:28:27',NULL,6),('e0b67f284dfcef5975b227864c7be64b','9a1158154dfa42caddbd0694a4e9bdc8','Nuevo select',NULL,NULL,NULL,'1,2,3,4',NULL,NULL,'selectuno','mi select',NULL,'d02bcb37adf77da4630e34d85be305e7',1,NULL,0,'7C9CE042CA320A616D4E49C0225095B8','2014-05-19 18:48:44',NULL,0),('e1890f1b35a2777e566eccce04da32c6','9a1158154dfa42caddbd0694a4e9bdc8','Desplegable multiple',NULL,NULL,NULL,'1,2,3,4',NULL,NULL,'despmult','desp multiple',NULL,'e93da23f4fdd051170f3279ea73c8b74',1,NULL,0,'1AA6E2061F0B558DD9974C1BBA554BF0','2014-05-20 00:09:06',NULL,0),('e22e1fe2df7d597c00df3d75ff11f756','d9d4f495e875a2e075a1a4a6e1b9770f','sfd',NULL,NULL,NULL,NULL,NULL,NULL,'fds','fds',NULL,NULL,NULL,'8dbf4dafae3bbf0c797af3d832f63603',1,'7C9CE042CA320A616D4E49C0225095B8','2014-05-19 16:50:34',NULL,0),('e563b1e6e7f9a52a7806c43eb9a83759','642e92efb79421734881b53e1e1b18b6','Subformdos',NULL,NULL,NULL,NULL,NULL,NULL,'subform_1',NULL,NULL,'16a4cb565f5a46a0c0e60e6e72cf1ff5',1,NULL,1,'B1CF41077778AD4BCA702C5F57E4B105','2014-05-20 03:07:57',1,1),('e6edff5884f86af4e94ca2281feab283','642e92efb79421734881b53e1e1b18b6','Mi subform uno',NULL,NULL,NULL,NULL,NULL,NULL,'subform_0',NULL,NULL,'50290ec1aee17fb0b20bea0434fb3a13',1,NULL,1,'5236998CD7A88DAF83DD98552D0D9595','2014-05-20 17:39:29',0,1),('e913060be257aeb129eb1d1093347059','d9d4f495e875a2e075a1a4a6e1b9770f','sda',NULL,NULL,NULL,NULL,NULL,NULL,'sadsad','saddsadsa',0,'c373edc181412352bae596c93b4649e6',1,NULL,0,'7C9CE042CA320A616D4E49C0225095B8','2014-05-19 21:06:23',NULL,0),('e94a17395ae9f4946e5a46a00aec0e0e','c0c7c76d30bd3dcaefc96f40275bdc0a','tipo text',NULL,NULL,NULL,'1,2,3,4',NULL,NULL,'testone','sin ayuda',NULL,'e93da23f4fdd051170f3279ea73c8b74',1,NULL,0,'1AA6E2061F0B558DD9974C1BBA554BF0','2014-05-20 00:09:06',NULL,0),('f44dd6de4b21afb7f4aea8174fe9a9f6','6c8349cc7260ae62e3b1396831a8398f','Nuevo campo de texto',NULL,10,'osdijfoidsjf',NULL,NULL,NULL,'mitextouno','ayuda del texto',NULL,'d02bcb37adf77da4630e34d85be305e7',1,NULL,0,'7C9CE042CA320A616D4E49C0225095B8','2014-05-19 18:48:44',NULL,0),('f5999546ffac69e6cee69b6e09a1ac97','d9d4f495e875a2e075a1a4a6e1b9770f','asd',NULL,NULL,NULL,NULL,NULL,NULL,'sad','sad',0,'3848b9269d485431cb41fd0c4d5dcee6',1,NULL,0,'7C9CE042CA320A616D4E49C0225095B8','2014-05-19 21:21:00',NULL,0),('f992d4c5093613a48a4e0292dfa05df1','d9d4f495e875a2e075a1a4a6e1b9770f','Campo cuatro',NULL,NULL,NULL,NULL,NULL,NULL,'ccuatro','ccuatro',NULL,'a92727913d8c0778c6be08bfe360e919',1,NULL,0,'1AA6E2061F0B558DD9974C1BBA554BF0','2014-05-20 01:33:55',NULL,0),('fa7fa9b9bba04404a8c7f365dd663f24','d9d4f495e875a2e075a1a4a6e1b9770f','fechasubformdos',NULL,NULL,NULL,NULL,NULL,NULL,'fechasubformdos','subformdos',NULL,NULL,NULL,'a65d70ca3eb31bec5ab8f64195261dee',1,'B1CF41077778AD4BCA702C5F57E4B105','2014-05-20 03:07:57',NULL,NULL),('fae3920b5038a43b15661acd58f070b9','d9d4f495e875a2e075a1a4a6e1b9770f','Fecha one',NULL,NULL,NULL,NULL,NULL,NULL,'fechaone','sin ayuda',0,'e93da23f4fdd051170f3279ea73c8b74',1,NULL,0,'1AA6E2061F0B558DD9974C1BBA554BF0','2014-05-20 00:09:06',NULL,0),('fff31943df6354c5e0b98ac0fba944d1','d9d4f495e875a2e075a1a4a6e1b9770f','sdffdsf',NULL,NULL,NULL,NULL,NULL,NULL,'fdsfsd','sdfdsfdsf',NULL,NULL,NULL,'8dbf4dafae3bbf0c797af3d832f63603',1,'7C9CE042CA320A616D4E49C0225095B8','2014-05-19 16:50:34',NULL,0);
INSERT INTO `tbbsnm51` VALUES ('11bf417d523722e71540582681e1bd9a','0b65046a11079734a6f21ea9d933f598','f592bc937f95c47dfdb49e83bd85485a',1,'9FD0FC5F02EBE60CB574551B225D890F','2014-05-21 03:46:10'),('4966fdf18c28aac0ea62be6ae5e795da','0b65046a11079734a6f21ea9d933f598','f592bc937f95c47dfdb49e83bd85485a',1,'302B8D511409DDB4ECE9455D526A0C2C','2014-05-21 15:58:36'),('85574535c5eabc31c0c6fa32b5d62c6e','0b65046a11079734a6f21ea9d933f598','f592bc937f95c47dfdb49e83bd85485a',1,'9FD0FC5F02EBE60CB574551B225D890F','2014-05-21 03:50:21'),('982262108390820ffcfde38b7464ae0d','0b65046a11079734a6f21ea9d933f598','f592bc937f95c47dfdb49e83bd85485a',1,'302B8D511409DDB4ECE9455D526A0C2C','2014-05-21 15:59:05');
INSERT INTO `tbbsnm52` VALUES ('19163047ce45d204cb264ebb1eb07a46','982262108390820ffcfde38b7464ae0d','98e454b4d76d9a4ea3c2d9d050818f37','Mi texto',NULL,NULL,'302B8D511409DDB4ECE9455D526A0C2C','2014-05-21 15:59:05'),('25e5d88ca8a1c1d7933473cb26e2af05','4966fdf18c28aac0ea62be6ae5e795da','98e4fbe0f7cf263b2b9361890ef2a224','true',NULL,NULL,'302B8D511409DDB4ECE9455D526A0C2C','2014-05-21 15:58:36'),('540531ae6b0853c5132a86bbfc9b85b4','11bf417d523722e71540582681e1bd9a','98e454b4d76d9a4ea3c2d9d050818f37','sadsa',NULL,NULL,'9FD0FC5F02EBE60CB574551B225D890F','2014-05-21 03:46:10'),('70852ec5316d3c1e0c69242b4a9a2058','982262108390820ffcfde38b7464ae0d','98e4fbe0f7cf263b2b9361890ef2a224','false',NULL,NULL,'302B8D511409DDB4ECE9455D526A0C2C','2014-05-21 15:59:05'),('792250b653e6bb5eccac458ae095ce7b','85574535c5eabc31c0c6fa32b5d62c6e','98e454b4d76d9a4ea3c2d9d050818f37','dssadasdas',NULL,NULL,'9FD0FC5F02EBE60CB574551B225D890F','2014-05-21 03:50:21'),('90d0624ff2c5447db8bc15dca758a465','4966fdf18c28aac0ea62be6ae5e795da','98e454b4d76d9a4ea3c2d9d050818f37','Mi texto',NULL,NULL,'302B8D511409DDB4ECE9455D526A0C2C','2014-05-21 15:58:36'),('addc487ce5c7fc90f1e8cf6ee24fc107','85574535c5eabc31c0c6fa32b5d62c6e','98e4fbe0f7cf263b2b9361890ef2a224','true',NULL,NULL,'9FD0FC5F02EBE60CB574551B225D890F','2014-05-21 03:50:21'),('b5ce4388402cb36dc28dfc0efd6b97c8','11bf417d523722e71540582681e1bd9a','2fad9d8831e80638642890cb1660fb05','05/14/2014',NULL,NULL,'9FD0FC5F02EBE60CB574551B225D890F','2014-05-21 03:46:10'),('ba5003d8552eb33c8407e6dbce88f4e7','982262108390820ffcfde38b7464ae0d','2fad9d8831e80638642890cb1660fb05','05/15/2014',NULL,NULL,'302B8D511409DDB4ECE9455D526A0C2C','2014-05-21 15:59:05'),('bfa2a79ae36de53db0afa0a58b0fa1bc','4966fdf18c28aac0ea62be6ae5e795da','2fad9d8831e80638642890cb1660fb05','05/08/2014',NULL,NULL,'302B8D511409DDB4ECE9455D526A0C2C','2014-05-21 15:58:36'),('e53b4c1c62fca0f882fc80f762fd4f2a','11bf417d523722e71540582681e1bd9a','98e4fbe0f7cf263b2b9361890ef2a224','false',NULL,NULL,'9FD0FC5F02EBE60CB574551B225D890F','2014-05-21 03:46:10'),('fa395267c80198c7e5c61a23e9c69cc8','85574535c5eabc31c0c6fa32b5d62c6e','2fad9d8831e80638642890cb1660fb05','05/07/2014',NULL,NULL,'9FD0FC5F02EBE60CB574551B225D890F','2014-05-21 03:50:21');
INSERT INTO `tbcfgm03` VALUES ('1679091c5a880faf6fb5e6087eb1b2dc','Gonzalo','Ortíz','Blanco','45c48cce2e2d7fbdea1afc51c7c6ad26','notario','5baa61e4c9b93f3f0682250b6cf8331b7ee68fd8','user@user.com','GOBL7904057K8',NULL,'GOB','ref',0,1,1,'23.23.23.23','2014-05-11 21:23:09','2014-05-11 21:23:09','2014-05-11 21:23:09','sesion 1'),('33e68487e9a7a516204e507d261f4de8','LUIS RICARDO','DUARTE','GUERRA','bc07bbab9fcb9c28595ecc220be1a807','notario24','','','','','','',0,0,0,'2014-03-11','2014-03-11 06:00:00','2014-03-11 06:00:00','2014-03-11 06:00:00',''),('35470010b4f85b0298f8998e3440983e','cruz','omar','flores','c4ca4238a0b923820dcc509a6f75849b','omarete','8af7d0a67a9db0d66e5febf0936b264988d660c8','omar_tablas@hotmail.com','foco9104038p0','FOCO910403HDFLRM08','ofc',NULL,0,1,0,NULL,'2014-05-12 20:59:35','2014-05-12 20:59:35','2014-05-12 20:59:35','88D076385CCDE605E4E71F9D3B0F2283'),('5dae8cc388c652fb2358d1bb53a9fb31','Omariano','Cruz','Flowers','cfcd208495d565ef66e7dff9f98764da','omaretepilin','989d9dc628bd765ad75c02b4a54c8a5ee0cdf19c','omar@gmail.com',NULL,NULL,'oma','el chavo del codigo',0,1,1,'23.23.23.23','2014-05-21 15:04:23','2014-05-01 05:00:00','2014-05-29 05:00:00','0CD0A08E183C900B4CA9ECE2706BF068'),('6006506e3013f55853510891d7f360be','GONZALO M.','ORTIZ','BLANCO','bc07bbab9fcb9c28595ecc220be1a807','notario98','','','','','','',0,0,0,'2014-03-11','2014-03-11 06:00:00','2014-03-11 06:00:00','2014-03-11 06:00:00',''),('640f36aa97d0ae6ba8d17a3b5c34186e','Marisela','Ramirez','Martinez','e4da3b7fbbce2345d7772b0674a318d5','cajera','281059ade658c3952197f1a498a050582a9ac915','caja@caja.com','MPDE7908078J9','MPDE790807HDFLRM65','MRM','ref',0,1,1,'23.23.23.23','2014-05-11 21:33:25','2014-05-11 21:33:25','2014-05-11 21:33:25','sesion'),('879d1dc82fedd85c55fa77ef26a11dcf','Octavio','Ugalde','Paz','e4da3b7fbbce2345d7772b0674a318d5','cajero1','b4dea840eb0bd3bb0e00038ced4cb3e9132c1a33','caja@caja.com','OEUP7903047J8','OEUP790402HDFLRM78','OUP','ref',0,1,1,'23.23.23.23','2014-05-11 21:36:35','2014-05-11 21:36:35','2014-05-11 21:36:35','sesion'),('8f14e45fceea167a5a36dedd4bea2543','Luís ','Duarte','Guerra','45c48cce2e2d7fbdea1afc51c7c6ad26','notario1','5baa61e4c9b93f3f0682250b6cf8331b7ee68fd8','user@user.com','LDUG7403057J3',NULL,'LDG','ref',0,1,1,'23.23.23.23','2014-05-11 21:23:09','2014-05-11 21:23:09','2014-05-11 21:23:09','sesion 1'),('97d5a1144f881bd7fa545ec6e3c084a7','Abogado','PaternoAbogado','MaternoAbogado','b91b0217a8b64df836d5f95f5a091a3a','abogado2498','','','','','','',0,0,0,'2014-03-11','2014-03-11 06:00:00','2014-03-11 06:00:00','2014-03-11 06:00:00',''),('a87ff679a2f3e71d9181a67b7542122c','Pedro','Espinosa','Paz','eccbc87e4b5ce2fe28308fd9f2a7baf3','abogado1','c4630d05ac3ffd099fdb02373ca70ac9ac183930','user@user.com','JEPZ7907075P8',NULL,'PEP','ref',0,1,1,'23.23.23.23','2014-05-11 21:23:09','2014-05-11 21:23:09','2014-05-11 21:23:09','88D076385CCDE605E4E71F9D3B0F2283'),('c4ca4238a0b923820dcc509a6f75849b','Diego','Godinez','Perez','c4ca4238a0b923820dcc509a6f75849b','usuario2','4410d99cefe57ec2c2cdbd3f1d5cf862bb4fb6f8','asdf@asdf.com','DEGP8708028K9',NULL,'DGP','ref',0,1,1,'23.23.23.23','2014-05-11 21:23:09','2014-05-11 21:23:09','2014-05-11 21:23:09','88D076385CCDE605E4E71F9D3B0F2283'),('c81e728d9d4c2f636f067f89cc14862c','Alan','Castillo','Perez','cfcd208495d565ef66e7dff9f98764da','usuario','9d4e1e23bd5b727046a9e3b4b7db57bd8d6ee684','user@user.com','ACEP9805049L8',NULL,'ACP','ref',0,1,1,'23.23.23.23','2014-05-11 21:23:09','2014-05-11 21:23:09','2014-05-11 21:23:09','sesion 1'),('e4da3b7fbbce2345d7772b0674a318d5','Pablo','Espino','Paz','eccbc87e4b5ce2fe28308fd9f2a7baf3','abogado2','9d4e1e23bd5b727046a9e3b4b7db57bd8d6ee684','user@user.com','PESP8801045N6',NULL,'PEP','ref',0,1,1,'23.23.23.23','2014-05-11 21:23:09','2014-05-11 21:23:09','2014-05-11 21:23:09','sesion 1'),('eccbc87e4b5ce2fe28308fd9f2a7baf3','Jose','Perez','Paz','eccbc87e4b5ce2fe28308fd9f2a7baf3','abogado','5baa61e4c9b93f3f0682250b6cf8331b7ee68fd8','user@user.com','JEPA7804038J9',NULL,'JPP','ref',0,1,1,'23.23.23.23','2014-05-11 21:23:09','2014-05-11 21:23:09','2014-05-11 21:23:09','sesion 1');
INSERT INTO `tbcfgm07` VALUES ('1679091c5a880faf6fb5e6087eb1b2dc','Archivo','descripcion','arch','2014-05-11 21:23:08','sesion'),('1f0e3dad99908345f7439f8ffabdffc4','Reg. Externo','descripcion','regex','2014-05-11 21:23:09','sesion'),('1ff1de774005f8da13f42943881c655f','Encuadernador','descripcion','enc','2014-05-11 21:23:09','sesion'),('37693cfc748049e45d87b8c7d8b9aacd','Cotejo','descripcion','cote','2014-05-11 21:23:09','sesion'),('3c59dc048e8850243be8079a5c74d079','Mensajeria','descripcion','msj','2014-05-11 21:23:09','sesion'),('45c48cce2e2d7fbdea1afc51c7c6ad26','Notario','descripcion','not','2014-05-11 21:23:08','sesion'),('6512bd43d9caa6e02c990b0a82652dca','Jefe de Pool','descripcion','jpool','2014-05-11 21:23:08','sesion'),('6f4922f45568161a8cdf4ad2299f6d23','Notas','descripcion','notas','2014-05-11 21:23:09','sesion'),('70efdf2ec9b086079795c442636b55fb','Tesoreria','descripcion','tesor','2014-05-11 21:23:09','sesion'),('8f14e45fceea167a5a36dedd4bea2543','Ditto','descripcion','ditto','2014-05-11 21:23:08','sesion'),('98f13708210194c475687be6106a3b84','Funcion','descripcion','func','2014-05-11 21:23:09','sesion'),('9bf31c7ff062936a96d3c8bd1f8f2ff3','Pasante','descripcion','pas','2014-05-11 21:23:09','sesion'),('a87ff679a2f3e71d9181a67b7542122c','Sc. Atencion Publico','descripcion','secap','2014-05-11 21:23:08','sesion'),('aab3238922bcc25a6f606eb525ffdc56','Jefe Pasantes','descripcion','jpas','2014-05-11 21:23:08','sesion'),('b6d767d2f8ed5d21a44b0e5886680cb9','J. Cotejo','descripcion','jcote','2014-05-11 21:23:09','sesion'),('b91b0217a8b64df836d5f95f5a091a3a','abogado','abogado',NULL,'2014-03-03 06:00:00',''),('bc07bbab9fcb9c28595ecc220be1a807','notario','notario',NULL,'2014-02-11 06:00:00',''),('c20ad4d76fe97759aa27a0c99bff6710','Protocolista','descripcion','proto','2014-05-11 21:23:08','sesion'),('c4ca4238a0b923820dcc509a6f75849b','Cliente','descripcion','clte','2014-05-11 21:23:08','sesion'),('c51ce410c124a10e0db5e4b97fc2af39','Revisor','descripcion','rev','2014-05-11 21:23:08','sesion'),('c74d97b01eae257e44aa9d5bade97baf','R. Mesa Control','descripcion','rmesc','2014-05-11 21:23:09','sesion'),('c81e728d9d4c2f636f067f89cc14862c','Recepcion','descripcion','recep','2014-05-11 21:23:08','sesion'),('c9f0f895fb98ab9159f51fd0297e236d','J. Mesa Control','descripcion','mesco','2014-05-11 21:23:08','sesion'),('cfcd208495d565ef66e7dff9f98764da','Administrador','descripcion','admin','2014-05-11 21:23:08','sesion'),('d3d9446802a44259755d38e6d163e820','Gestor','descripcion','gest','2014-05-11 21:23:08','sesion'),('e4da3b7fbbce2345d7772b0674a318d5','Caja','descripcion','caja','2014-05-11 21:23:08','sesion'),('eccbc87e4b5ce2fe28308fd9f2a7baf3','Abogado','descripcion','abog','2014-05-11 21:23:08','sesion');
INSERT INTO `tbcfgm08` VALUES ('236795962946e8cb55347240a6ca4b5c',NULL,'lista',1,'1679091c5a880faf6fb5e6087eb1b2dc',1,1,10,1,'2014-05-21 22:46:17','739FE649381219A40B6ADD4E63158D84',NULL),('70ec0764fe11a816af444b7bc07ffc70',NULL,'mi variable',1,'1679091c5a880faf6fb5e6087eb1b2dc',1,1,12,1,'2014-05-21 22:46:44','739FE649381219A40B6ADD4E63158D84',NULL),('7847d300c791993fbfd937406954be70',NULL,'Fecha valor',1,'1679091c5a880faf6fb5e6087eb1b2dc',1,1,10,1,'2014-05-21 22:44:38','739FE649381219A40B6ADD4E63158D84',NULL),('b0d4b8c26db17e8a8529c5a5a9af7b6e','inmueble_domicilio','inmueble_domicilio',0,'c5066a1b2d4418a7bb4fae3bbeb1cbba',0,0,18,1,'2014-02-26 06:00:00','',NULL);
INSERT INTO `tbcfgm10` VALUES ('3bf63f286b8442d5862d711517d1ef16','nuevo grupon','gruponsin',1,'2014-05-21 22:47:06','739FE649381219A40B6ADD4E63158D84'),('5a0fb570686d040e6f8235bf956e36bf','grupo one','grupo one chido',1,'2014-05-12 23:16:47','98D01182909DA24E00DA6EC70D9DF126'),('64891c2899b344a259ffe4e9c08766dc','el grupo nuevo','nuevo grupo',1,'2014-05-21 23:59:18','739FE649381219A40B6ADD4E63158D84'),('65171fed584e0da5e1a2305ed8616e44','vic','nuevo grupo',1,'2014-05-21 22:54:30','739FE649381219A40B6ADD4E63158D84');
INSERT INTO `tbcfgm11` VALUES ('a330ddf0bbf7cd9e428f8a29f072f132','5a0fb570686d040e6f8235bf956e36bf','236795962946e8cb55347240a6ca4b5c',1),('c211b7304f2cdd635a58b0e84369f60b','3bf63f286b8442d5862d711517d1ef16','70ec0764fe11a816af444b7bc07ffc70',1);
INSERT INTO `tbcfgm17` VALUES (33,'1679091c5a880faf6fb5e6087eb1b2dc','02e74f10e0327ad868d138f2b4fdd6f0'),(30,'1679091c5a880faf6fb5e6087eb1b2dc','1ff1de774005f8da13f42943881c655f'),(34,'1679091c5a880faf6fb5e6087eb1b2dc','33e75ff09dd601bbe69f351039152189'),(36,'1679091c5a880faf6fb5e6087eb1b2dc','34173cb38f07f89ddbebc2ac9128303f'),(29,'1679091c5a880faf6fb5e6087eb1b2dc','37693cfc748049e45d87b8c7d8b9aacd'),(32,'1679091c5a880faf6fb5e6087eb1b2dc','4e732ced3463d06de0ca9a15b6153677'),(35,'1679091c5a880faf6fb5e6087eb1b2dc','6ea9ab1baa0efb9e19094440c317e21b'),(31,'1679091c5a880faf6fb5e6087eb1b2dc','8e296a067a37563370ded05f5a3bf3ec'),(38,'1679091c5a880faf6fb5e6087eb1b2dc','908c9a564a86426585b29f5335b619bc'),(37,'1679091c5a880faf6fb5e6087eb1b2dc','c16a5320fa475530d9583c34fd356ef5'),(80,'1f0e3dad99908345f7439f8ffabdffc4','6ea9ab1baa0efb9e19094440c317e21b'),(85,'1ff1de774005f8da13f42943881c655f','908c9a564a86426585b29f5335b619bc'),(84,'37693cfc748049e45d87b8c7d8b9aacd','c16a5320fa475530d9583c34fd356ef5'),(82,'3c59dc048e8850243be8079a5c74d079','34173cb38f07f89ddbebc2ac9128303f'),(53,'45c48cce2e2d7fbdea1afc51c7c6ad26','02e74f10e0327ad868d138f2b4fdd6f0'),(50,'45c48cce2e2d7fbdea1afc51c7c6ad26','1ff1de774005f8da13f42943881c655f'),(54,'45c48cce2e2d7fbdea1afc51c7c6ad26','33e75ff09dd601bbe69f351039152189'),(52,'45c48cce2e2d7fbdea1afc51c7c6ad26','4e732ced3463d06de0ca9a15b6153677'),(55,'45c48cce2e2d7fbdea1afc51c7c6ad26','6ea9ab1baa0efb9e19094440c317e21b'),(51,'45c48cce2e2d7fbdea1afc51c7c6ad26','8e296a067a37563370ded05f5a3bf3ec'),(57,'45c48cce2e2d7fbdea1afc51c7c6ad26','908c9a564a86426585b29f5335b619bc'),(56,'45c48cce2e2d7fbdea1afc51c7c6ad26','c16a5320fa475530d9583c34fd356ef5'),(63,'6512bd43d9caa6e02c990b0a82652dca','33e75ff09dd601bbe69f351039152189'),(62,'6512bd43d9caa6e02c990b0a82652dca','4e732ced3463d06de0ca9a15b6153677'),(61,'6512bd43d9caa6e02c990b0a82652dca','8e296a067a37563370ded05f5a3bf3ec'),(79,'6f4922f45568161a8cdf4ad2299f6d23','6ea9ab1baa0efb9e19094440c317e21b'),(78,'70efdf2ec9b086079795c442636b55fb','02e74f10e0327ad868d138f2b4fdd6f0'),(39,'8f14e45fceea167a5a36dedd4bea2543','1ff1de774005f8da13f42943881c655f'),(42,'8f14e45fceea167a5a36dedd4bea2543','33e75ff09dd601bbe69f351039152189'),(41,'8f14e45fceea167a5a36dedd4bea2543','4e732ced3463d06de0ca9a15b6153677'),(43,'8f14e45fceea167a5a36dedd4bea2543','6ea9ab1baa0efb9e19094440c317e21b'),(40,'8f14e45fceea167a5a36dedd4bea2543','8e296a067a37563370ded05f5a3bf3ec'),(45,'8f14e45fceea167a5a36dedd4bea2543','908c9a564a86426585b29f5335b619bc'),(44,'8f14e45fceea167a5a36dedd4bea2543','c16a5320fa475530d9583c34fd356ef5'),(81,'98f13708210194c475687be6106a3b84','6ea9ab1baa0efb9e19094440c317e21b'),(72,'9bf31c7ff062936a96d3c8bd1f8f2ff3','33e75ff09dd601bbe69f351039152189'),(71,'9bf31c7ff062936a96d3c8bd1f8f2ff3','4e732ced3463d06de0ca9a15b6153677'),(73,'9bf31c7ff062936a96d3c8bd1f8f2ff3','908c9a564a86426585b29f5335b619bc'),(20,'a87ff679a2f3e71d9181a67b7542122c','1ff1de774005f8da13f42943881c655f'),(23,'a87ff679a2f3e71d9181a67b7542122c','34173cb38f07f89ddbebc2ac9128303f'),(19,'a87ff679a2f3e71d9181a67b7542122c','37693cfc748049e45d87b8c7d8b9aacd'),(22,'a87ff679a2f3e71d9181a67b7542122c','4e732ced3463d06de0ca9a15b6153677'),(21,'a87ff679a2f3e71d9181a67b7542122c','8e296a067a37563370ded05f5a3bf3ec'),(69,'aab3238922bcc25a6f606eb525ffdc56','4e732ced3463d06de0ca9a15b6153677'),(70,'aab3238922bcc25a6f606eb525ffdc56','908c9a564a86426585b29f5335b619bc'),(83,'b6d767d2f8ed5d21a44b0e5886680cb9','c16a5320fa475530d9583c34fd356ef5'),(65,'c20ad4d76fe97759aa27a0c99bff6710','4e732ced3463d06de0ca9a15b6153677'),(64,'c20ad4d76fe97759aa27a0c99bff6710','8e296a067a37563370ded05f5a3bf3ec'),(1,'c4ca4238a0b923820dcc509a6f75849b','02e74f10e0327ad868d138f2b4fdd6f0'),(2,'c4ca4238a0b923820dcc509a6f75849b','1ff1de774005f8da13f42943881c655f'),(3,'c4ca4238a0b923820dcc509a6f75849b','33e75ff09dd601bbe69f351039152189'),(4,'c4ca4238a0b923820dcc509a6f75849b','34173cb38f07f89ddbebc2ac9128303f'),(1,'c4ca4238a0b923820dcc509a6f75849b','37693cfc748049e45d87b8c7d8b9aacd'),(3,'c4ca4238a0b923820dcc509a6f75849b','4e732ced3463d06de0ca9a15b6153677'),(2,'c4ca4238a0b923820dcc509a6f75849b','8e296a067a37563370ded05f5a3bf3ec'),(5,'c4ca4238a0b923820dcc509a6f75849b','c16a5320fa475530d9583c34fd356ef5'),(67,'c51ce410c124a10e0db5e4b97fc2af39','33e75ff09dd601bbe69f351039152189'),(74,'c51ce410c124a10e0db5e4b97fc2af39','4e732ced3463d06de0ca9a15b6153677'),(66,'c51ce410c124a10e0db5e4b97fc2af39','8e296a067a37563370ded05f5a3bf3ec'),(68,'c51ce410c124a10e0db5e4b97fc2af39','c16a5320fa475530d9583c34fd356ef5'),(76,'c74d97b01eae257e44aa9d5bade97baf','02e74f10e0327ad868d138f2b4fdd6f0'),(75,'c74d97b01eae257e44aa9d5bade97baf','4e732ced3463d06de0ca9a15b6153677'),(77,'c74d97b01eae257e44aa9d5bade97baf','6ea9ab1baa0efb9e19094440c317e21b'),(8,'c81e728d9d4c2f636f067f89cc14862c','34173cb38f07f89ddbebc2ac9128303f'),(5,'c81e728d9d4c2f636f067f89cc14862c','37693cfc748049e45d87b8c7d8b9aacd'),(6,'c81e728d9d4c2f636f067f89cc14862c','4e732ced3463d06de0ca9a15b6153677'),(7,'c81e728d9d4c2f636f067f89cc14862c','6ea9ab1baa0efb9e19094440c317e21b'),(8,'c81e728d9d4c2f636f067f89cc14862c','8e296a067a37563370ded05f5a3bf3ec'),(9,'c81e728d9d4c2f636f067f89cc14862c','c16a5320fa475530d9583c34fd356ef5'),(48,'c9f0f895fb98ab9159f51fd0297e236d','02e74f10e0327ad868d138f2b4fdd6f0'),(46,'c9f0f895fb98ab9159f51fd0297e236d','1ff1de774005f8da13f42943881c655f'),(47,'c9f0f895fb98ab9159f51fd0297e236d','4e732ced3463d06de0ca9a15b6153677'),(49,'c9f0f895fb98ab9159f51fd0297e236d','6ea9ab1baa0efb9e19094440c317e21b'),(59,'d3d9446802a44259755d38e6d163e820','02e74f10e0327ad868d138f2b4fdd6f0'),(58,'d3d9446802a44259755d38e6d163e820','1ff1de774005f8da13f42943881c655f'),(60,'d3d9446802a44259755d38e6d163e820','6ea9ab1baa0efb9e19094440c317e21b'),(26,'e4da3b7fbbce2345d7772b0674a318d5','02e74f10e0327ad868d138f2b4fdd6f0'),(24,'e4da3b7fbbce2345d7772b0674a318d5','37693cfc748049e45d87b8c7d8b9aacd'),(25,'e4da3b7fbbce2345d7772b0674a318d5','4e732ced3463d06de0ca9a15b6153677'),(27,'e4da3b7fbbce2345d7772b0674a318d5','6ea9ab1baa0efb9e19094440c317e21b'),(28,'e4da3b7fbbce2345d7772b0674a318d5','c16a5320fa475530d9583c34fd356ef5'),(14,'eccbc87e4b5ce2fe28308fd9f2a7baf3','02e74f10e0327ad868d138f2b4fdd6f0'),(11,'eccbc87e4b5ce2fe28308fd9f2a7baf3','1ff1de774005f8da13f42943881c655f'),(15,'eccbc87e4b5ce2fe28308fd9f2a7baf3','33e75ff09dd601bbe69f351039152189'),(17,'eccbc87e4b5ce2fe28308fd9f2a7baf3','34173cb38f07f89ddbebc2ac9128303f'),(10,'eccbc87e4b5ce2fe28308fd9f2a7baf3','37693cfc748049e45d87b8c7d8b9aacd'),(13,'eccbc87e4b5ce2fe28308fd9f2a7baf3','4e732ced3463d06de0ca9a15b6153677'),(16,'eccbc87e4b5ce2fe28308fd9f2a7baf3','6ea9ab1baa0efb9e19094440c317e21b'),(12,'eccbc87e4b5ce2fe28308fd9f2a7baf3','8e296a067a37563370ded05f5a3bf3ec'),(18,'eccbc87e4b5ce2fe28308fd9f2a7baf3','c16a5320fa475530d9583c34fd356ef5');
INSERT INTO `tbcfgm18` VALUES ('08364ae479b38e17066483fa8484d499','documento objeto uno','doc objeto uno',0,1,'2014-05-21 20:48:57','<p>text doc not uno modificado y publicado</p>\n\n<p>hfdghdsadsadsadasd</p>\n',1,'c81e728d9d4c2f636f067f89cc14862c','c81e728d9d4c2f636f067f89cc14862c','A4A0F0DB7DE928FAEF31F50508ED58E4','2014-05-21 20:48:57'),('08364ae479b38e17066483fa8484d499','documento objeto uno','doc objeto uno',1,0,'2014-05-21 20:48:57','<p>text doc not uno modificado y publicado modificado publicado 2</p>\n',1,NULL,'c81e728d9d4c2f636f067f89cc14862c','A4A0F0DB7DE928FAEF31F50508ED58E4','2014-05-21 20:48:57'),('08364ae479b38e17066483fa8484d499','documento objeto uno','doc objeto uno',2,1,'2014-05-21 20:48:57','<p>text doc not uno modificado y publicado modificado publicado con quien lo publico</p>\n',1,'c81e728d9d4c2f636f067f89cc14862c','c81e728d9d4c2f636f067f89cc14862c','A4A0F0DB7DE928FAEF31F50508ED58E4','2014-05-21 20:48:57');
INSERT INTO `tbcfgm89` VALUES (46,'2A2C3E437D82923B81353D94269DA008','c81e728d9d4c2f636f067f89cc14862c','2014-05-21 04:02:42','2014-05-21 04:02:42','2014-05-21 04:02:42',NULL,0,NULL,'2014-05-21 04:02:42'),(47,'0CD0A08E183C900B4CA9ECE2706BF068','c81e728d9d4c2f636f067f89cc14862c','2014-05-21 14:59:33','2014-05-21 14:59:33','2014-05-21 14:59:33',NULL,0,NULL,'2014-05-21 14:59:33'),(48,'EA0416F04BE5542C2377E426A3B5C9BB','eccbc87e4b5ce2fe28308fd9f2a7baf3','2014-05-21 15:50:18','2014-05-21 15:50:18','2014-05-21 15:50:18',NULL,0,NULL,'2014-05-21 15:50:18'),(49,'302B8D511409DDB4ECE9455D526A0C2C','eccbc87e4b5ce2fe28308fd9f2a7baf3','2014-05-21 15:55:50','2014-05-21 15:55:50','2014-05-21 15:55:50',NULL,0,NULL,'2014-05-21 15:55:50'),(50,'AA4607D02333F2F402EF955E86AFC247','c81e728d9d4c2f636f067f89cc14862c','2014-05-21 15:56:18','2014-05-21 15:56:18','2014-05-21 15:56:18',NULL,0,NULL,'2014-05-21 15:56:18'),(51,'27138C735BFBA2A29C690A8A7615B289','c81e728d9d4c2f636f067f89cc14862c','2014-05-21 16:39:37','2014-05-21 16:39:37','2014-05-21 16:39:37',NULL,0,NULL,'2014-05-21 16:39:37'),(52,'A4A0F0DB7DE928FAEF31F50508ED58E4','c81e728d9d4c2f636f067f89cc14862c','2014-05-21 17:08:27','2014-05-21 17:08:27','2014-05-21 17:08:27',NULL,0,NULL,'2014-05-21 17:08:27'),(53,'B005C07EA36A08F988D66047239BB620','eccbc87e4b5ce2fe28308fd9f2a7baf3','2014-05-21 21:05:58','2014-05-21 21:05:58','2014-05-21 21:05:58',NULL,0,NULL,'2014-05-21 21:05:58'),(54,'739FE649381219A40B6ADD4E63158D84','c81e728d9d4c2f636f067f89cc14862c','2014-05-21 22:21:57','2014-05-21 22:21:57','2014-05-21 22:21:57',NULL,0,NULL,'2014-05-21 22:21:57'),(55,'907E67E4A1C877ED502E8282609930E9','c81e728d9d4c2f636f067f89cc14862c','2014-05-22 15:07:44','2014-05-22 15:07:44','2014-05-22 15:07:44',NULL,0,NULL,'2014-05-22 15:07:44'),(56,'4C3A739CB500238E94C857FF53F0D358','c81e728d9d4c2f636f067f89cc14862c','2014-05-22 15:07:44','2014-05-22 15:07:44','2014-05-22 15:07:44',NULL,0,NULL,'2014-05-22 15:07:44'),(57,'CD1892ED6D43DD5A1930404BE1C977A9','c81e728d9d4c2f636f067f89cc14862c','2014-05-23 14:31:19','2014-05-23 14:31:19','2014-05-23 14:31:19',NULL,0,NULL,'2014-05-23 14:31:19'),(58,'C8153E27C977A97159CD778DD05E85DF','eccbc87e4b5ce2fe28308fd9f2a7baf3','2014-05-23 14:39:03','2014-05-23 14:39:03','2014-05-23 14:39:03',NULL,0,NULL,'2014-05-23 14:39:03'),(59,'7EF6BAE1E6CD8174CC597D19024C6643','c81e728d9d4c2f636f067f89cc14862c','2014-05-23 19:49:01','2014-05-23 19:49:01','2014-05-23 19:49:01',NULL,0,NULL,'2014-05-23 19:49:01'),(60,'38065B32DCBF9F6040FAB6CBFD38CC91','eccbc87e4b5ce2fe28308fd9f2a7baf3','2014-05-23 19:49:42','2014-05-23 19:49:42','2014-05-23 19:49:42',NULL,0,NULL,'2014-05-23 19:49:42'),(61,'DB855E984B6ED4BD4F61B70FC6B460A8','c81e728d9d4c2f636f067f89cc14862c','2014-05-23 20:30:56','2014-05-23 20:30:56','2014-05-23 20:30:56',NULL,0,NULL,'2014-05-23 20:30:56'),(62,'138EC9D81DE2706C07B4BD4CC070B8AC','eccbc87e4b5ce2fe28308fd9f2a7baf3','2014-05-23 20:35:43','2014-05-23 20:35:43','2014-05-23 20:35:43',NULL,0,NULL,'2014-05-23 20:35:43'),(63,'2D3E6D7913E008A04CE27FF3601538AC','eccbc87e4b5ce2fe28308fd9f2a7baf3','2014-05-23 20:52:11','2014-05-23 20:52:11','2014-05-23 20:52:11',NULL,0,NULL,'2014-05-23 20:52:11'),(64,'E289B6B3622CA243046839486EF855A1','eccbc87e4b5ce2fe28308fd9f2a7baf3','2014-05-27 16:33:25','2014-05-27 16:33:25','2014-05-27 16:33:25',NULL,0,NULL,'2014-05-27 16:33:25'),(65,'0CDC8D17D0E86013F21852796B1CA8EC','eccbc87e4b5ce2fe28308fd9f2a7baf3','2014-05-27 19:25:46','2014-05-27 19:25:46','2014-05-27 19:25:46',NULL,0,NULL,'2014-05-27 19:25:46'),(66,'4A9094DEA93A2962399C76D0F799280C','c81e728d9d4c2f636f067f89cc14862c','2014-05-27 19:57:49','2014-05-27 19:57:49','2014-05-27 19:57:49',NULL,0,NULL,'2014-05-27 19:57:49'),(67,'B5B1796A416FB788DA24026584A9D56A','c81e728d9d4c2f636f067f89cc14862c','2014-05-27 20:14:35','2014-05-27 20:14:35','2014-05-27 20:14:35',NULL,0,NULL,'2014-05-27 20:14:35'),(68,'355BB03423096F45720F6C2824952C4E','eccbc87e4b5ce2fe28308fd9f2a7baf3','2014-05-27 20:29:49','2014-05-27 20:29:49','2014-05-27 20:29:49',NULL,0,NULL,'2014-05-27 20:29:49'),(69,'C9629805FF7CEDB2F0AA4DBF8D34CCC7','eccbc87e4b5ce2fe28308fd9f2a7baf3','2014-05-27 22:45:50','2014-05-27 22:45:50','2014-05-27 22:45:50',NULL,0,NULL,'2014-05-27 22:45:50'),(70,'181A2C902ED0FC309A7A5EDB95F13B73','eccbc87e4b5ce2fe28308fd9f2a7baf3','2014-05-28 14:50:32','2014-05-28 14:50:32','2014-05-28 14:50:32',NULL,0,NULL,'2014-05-28 14:50:32'),(71,'F57D23F2AA745653C1C15FF1DB081F46','eccbc87e4b5ce2fe28308fd9f2a7baf3','2014-05-28 14:50:32','2014-05-28 14:50:32','2014-05-28 14:50:32',NULL,0,NULL,'2014-05-28 14:50:32'),(72,'47A7F571EAF6ADA46AFD826DF3F02FE2','eccbc87e4b5ce2fe28308fd9f2a7baf3','2014-05-28 14:56:26','2014-05-28 14:56:26','2014-05-28 14:56:26',NULL,0,NULL,'2014-05-28 14:56:26'),(73,'88CC5B767EEB70BCA5E9C5D001D37396','eccbc87e4b5ce2fe28308fd9f2a7baf3','2014-05-28 18:11:42','2014-05-28 18:11:42','2014-05-28 18:11:42',NULL,0,NULL,'2014-05-28 18:11:42'),(74,'90F2D94AD92023891B3C138F8392B885','c81e728d9d4c2f636f067f89cc14862c','2014-05-28 18:11:48','2014-05-28 18:11:48','2014-05-28 18:11:48',NULL,0,NULL,'2014-05-28 18:11:48'),(75,'28E7090D3D5FA4E9E7F6CE98B0F120BA','eccbc87e4b5ce2fe28308fd9f2a7baf3','2014-05-28 23:17:13','2014-05-28 23:17:13','2014-05-28 23:17:13',NULL,0,NULL,'2014-05-28 23:17:13'),(76,'9E1E1612019FF2A86E8B23E62538541A','eccbc87e4b5ce2fe28308fd9f2a7baf3','2014-05-28 23:17:13','2014-05-28 23:17:13','2014-05-28 23:17:13',NULL,0,NULL,'2014-05-28 23:17:13'),(77,'7DF4D53D0B602921F77FE09E94FBC5FA','eccbc87e4b5ce2fe28308fd9f2a7baf3','2014-05-29 00:23:03','2014-05-29 00:23:03','2014-05-29 00:23:03',NULL,0,NULL,'2014-05-29 00:23:03'),(78,'BCEB10E318DCCAC314FA5C438FFD4FBF','eccbc87e4b5ce2fe28308fd9f2a7baf3','2014-05-29 00:51:53','2014-05-29 00:51:53','2014-05-29 00:51:53',NULL,0,NULL,'2014-05-29 00:51:53'),(79,'0D75BED4C54AFE0F574C4C69354A6837','eccbc87e4b5ce2fe28308fd9f2a7baf3','2014-05-29 01:26:29','2014-05-29 01:26:29','2014-05-29 01:26:29',NULL,0,NULL,'2014-05-29 01:26:29'),(80,'216D308299D5E37A9466F2FA93E50F6B','eccbc87e4b5ce2fe28308fd9f2a7baf3','2014-05-29 14:35:33','2014-05-29 14:35:33','2014-05-29 14:35:33',NULL,0,NULL,'2014-05-29 14:35:33'),(81,'8059EEFECCF5D8F362DF180543C2B2DB','eccbc87e4b5ce2fe28308fd9f2a7baf3','2014-05-29 17:42:05','2014-05-29 17:42:05','2014-05-29 17:42:05',NULL,0,NULL,'2014-05-29 17:42:05'),(82,'C035CACE312929511CE9A1F7587E09DB','c81e728d9d4c2f636f067f89cc14862c','2014-05-29 17:54:03','2014-05-29 17:54:03','2014-05-29 17:54:03',NULL,0,NULL,'2014-05-29 17:54:03'),(83,'7BD15930A3F9262A7F88E566DF317B54','eccbc87e4b5ce2fe28308fd9f2a7baf3','2014-05-30 14:19:42','2014-05-30 14:19:42','2014-05-30 14:19:42',NULL,0,NULL,'2014-05-30 14:19:42'),(84,'76565FEB40BD8DC10B7D649A5073E31E','eccbc87e4b5ce2fe28308fd9f2a7baf3','2014-05-30 14:19:42','2014-05-30 14:19:42','2014-05-30 14:19:42',NULL,0,NULL,'2014-05-30 14:19:42'),(85,'95FD6C675AEC1FCAF9216E66942E3D7D','c81e728d9d4c2f636f067f89cc14862c','2014-05-30 14:39:30','2014-05-30 14:39:30','2014-05-30 14:39:30',NULL,0,NULL,'2014-05-30 14:39:30'),(86,'B0B4D74E8319F098A41A5924E677626D','eccbc87e4b5ce2fe28308fd9f2a7baf3','2014-05-30 14:42:16','2014-05-30 14:42:16','2014-05-30 14:42:16',NULL,0,NULL,'2014-05-30 14:42:16'),(87,'A2434DB71631ED0DC34A4EE39C67D803','eccbc87e4b5ce2fe28308fd9f2a7baf3','2014-05-30 15:39:09','2014-05-30 15:39:09','2014-05-30 15:39:09',NULL,0,NULL,'2014-05-30 15:39:09'),(88,'CBBF78627F29716C64629CACE6FBD0C7','c81e728d9d4c2f636f067f89cc14862c','2014-05-30 19:56:54','2014-05-30 19:56:54','2014-05-30 19:56:54',NULL,0,NULL,'2014-05-30 19:56:54');
INSERT INTO `tbcfgm90` VALUES ('1679091c5a880faf6fb5e6087eb1b2dc','suboperacion','2014-05-11 21:23:05','sesion'),('1f0e3dad99908345f7439f8ffabdffc4','docs_oficiales','2014-05-27 22:49:56','sesion'),('28be58de0af853946cca9e305d9c9387','vocacion','2014-02-27 06:00:00',''),('3ebb1561cb763bb2e6434018565b2a55','tipodato','2014-02-18 06:00:00',''),('3fb34d37e98d48291ea3af981b992ccc','locacion','2014-03-10 06:00:00',''),('45c48cce2e2d7fbdea1afc51c7c6ad26','tipo_dato','2014-05-11 21:23:05','sesion'),('6512bd43d9caa6e02c990b0a82652dca','vocacion','2014-05-11 21:23:05','sesion'),('6f4922f45568161a8cdf4ad2299f6d23','concepto_pago','2014-05-11 21:23:05','sesion'),('70efdf2ec9b086079795c442636b55fb','medio_pago','2014-05-11 21:23:05','sesion'),('8f14e45fceea167a5a36dedd4bea2543','tipo_persona','2014-05-11 21:23:05','sesion'),('98f13708210194c475687be6106a3b84','instituciones_gobierno','2014-05-27 22:49:58','sesion'),('9bf31c7ff062936a96d3c8bd1f8f2ff3','tipo_componente_sub_formulario','2014-05-11 21:23:05','sesion'),('a5c425d0c67180c1d466eb9d36ce0b51','tipo_compareciente','2014-02-27 06:00:00',''),('a87ff679a2f3e71d9181a67b7542122c','tipo_compareciente','2014-05-11 21:23:05','sesion'),('aab3238922bcc25a6f606eb525ffdc56','tipo_componente_formulario','2014-05-11 21:23:05','sesion'),('c20ad4d76fe97759aa27a0c99bff6710','operador','2014-05-11 21:23:05','sesion'),('c4ca4238a0b923820dcc509a6f75849b','nacionalidad','2014-05-11 21:23:05','sesion'),('c51ce410c124a10e0db5e4b97fc2af39','locacion','2014-05-11 21:23:05','sesion'),('c74d97b01eae257e44aa9d5bade97baf','status_anticipo','2014-05-11 21:23:05','sesion'),('c81e728d9d4c2f636f067f89cc14862c','estado_civil','2014-05-11 21:23:05','sesion'),('c9f0f895fb98ab9159f51fd0297e236d','procesos','2014-05-11 21:23:05','sesion'),('d3d9446802a44259755d38e6d163e820','tipo_documento','2014-05-11 21:23:05','sesion'),('d4b8575e2a70a76e1309738ae3662d50','tipodocumento','2014-02-11 06:00:00',''),('e4da3b7fbbce2345d7772b0674a318d5','operacion','2014-05-11 21:23:05','sesion'),('eccbc87e4b5ce2fe28308fd9f2a7baf3','ocupacion','2014-05-11 21:23:05','sesion');
INSERT INTO `tbcfgm91` VALUES ('02e74f10e0327ad868d138f2b4fdd6f0','c9f0f895fb98ab9159f51fd0297e236d','Posteriores','codigo',0,'sesion','2014-05-11 21:23:06'),('03afdbd66e7929b125f8597834fa83a4','70efdf2ec9b086079795c442636b55fb','N/A','codigo',0,'sesion','2014-05-11 21:23:07'),('0523e4352c6dd97c9499a7bb04cea1f9','3ebb1561cb763bb2e6434018565b2a55','moneda',NULL,0,'','2014-02-18 06:00:00'),('072b030ba126b2f4b2374f342be9ed44','c74d97b01eae257e44aa9d5bade97baf','Pagado','codigo',0,'sesion','2014-05-11 21:23:07'),('14bfa6bb14875e45bba028a21ed38046','6f4922f45568161a8cdf4ad2299f6d23','Tramite asociado','codigo',0,'sesion','2014-05-11 21:23:07'),('1679091c5a880faf6fb5e6087eb1b2dc','45c48cce2e2d7fbdea1afc51c7c6ad26','Fecha','codigo',0,'sesion','2014-05-11 21:23:05'),('17e62166fc8586dfa4d1bc0e1742c08b','c20ad4d76fe97759aa27a0c99bff6710','!=','codigo',0,'sesion','2014-05-11 21:23:06'),('182be0c5cdcd5072bb1864cdee4d3d6e','6512bd43d9caa6e02c990b0a82652dca','Habitacional','codigo',0,'sesion','2014-05-11 21:23:06'),('19ca14e7ea6328a42e0eb13d585e4c22','c51ce410c124a10e0db5e4b97fc2af39','Estado de Mexico','codigo',0,'sesion','2014-05-11 21:23:06'),('1c383cd30b7c298ab50293adfecb7b18','c51ce410c124a10e0db5e4b97fc2af39','Distrito Federal','codigo',0,'sesion','2014-05-11 21:23:06'),('1f0e3dad99908345f7439f8ffabdffc4','eccbc87e4b5ce2fe28308fd9f2a7baf3','Empresario','codigo',0,'sesion','2014-05-11 21:23:06'),('1ff1de774005f8da13f42943881c655f','c9f0f895fb98ab9159f51fd0297e236d','Previos','codigo',0,'sesion','2014-05-11 21:23:06'),('2838023a778dfaecdc212708f721b788','aab3238922bcc25a6f606eb525ffdc56','Casilla de verificación','check',0,'sesion','2014-05-16 16:06:19'),('28dd2c7955ce926456240b2ff0100bde','98f13708210194c475687be6106a3b84','Secretaria De Relaciones Exteriores','codigo',0,'sesion','2014-05-27 22:50:18'),('2a38a4a9316c49e5a833517c45d31070','98f13708210194c475687be6106a3b84','Autoridad Competente','codigo',0,'sesion','2014-05-27 22:50:27'),('3295c76acbf4caaed33c36b1b5fc2cb1','70efdf2ec9b086079795c442636b55fb','Cheque','codigo',0,'sesion','2014-05-11 21:23:07'),('32bb90e8976aab5298d5da10fe66f21d','6f4922f45568161a8cdf4ad2299f6d23','Hoja amarilla','codigo',0,'sesion','2014-05-11 21:23:07'),('33e75ff09dd601bbe69f351039152189','c9f0f895fb98ab9159f51fd0297e236d','Testimonios','codigo',0,'sesion','2014-05-11 21:23:06'),('3416a75f4cea9109507cacd8e2f2aefc','c20ad4d76fe97759aa27a0c99bff6710','<=','codigo',0,'sesion','2014-05-11 21:23:06'),('34173cb38f07f89ddbebc2ac9128303f','c9f0f895fb98ab9159f51fd0297e236d','Entrega','codigo',0,'sesion','2014-05-11 21:23:06'),('35f4a8d465e6e1edc05f3d8ab658c551','98f13708210194c475687be6106a3b84','Secretaria De Defensa Nacional','codigo',0,'sesion','2014-05-27 22:50:19'),('37693cfc748049e45d87b8c7d8b9aacd','c9f0f895fb98ab9159f51fd0297e236d','Atencion de clientes','codigo',0,'sesion','2014-05-11 21:23:06'),('3c59dc048e8850243be8079a5c74d079','8f14e45fceea167a5a36dedd4bea2543','Física','codigo',0,'sesion','2014-05-11 21:23:06'),('3ef815416f775098fe977004015c6193','98f13708210194c475687be6106a3b84','Gobierno Estatal','codigo',0,'sesion','2014-05-27 22:50:26'),('43ec517d68b6edd3015b3edc9a11367b','1f0e3dad99908345f7439f8ffabdffc4','Documento Migratorio','codigo',0,'sesion','2014-05-27 22:50:26'),('44f683a84163b3523afe57c2e008bc8c','c74d97b01eae257e44aa9d5bade97baf','Pendiente de Pago','codigo',0,'sesion','2014-05-11 21:23:07'),('45c48cce2e2d7fbdea1afc51c7c6ad26','c4ca4238a0b923820dcc509a6f75849b','Extranjera','codigo',0,'sesion','2014-05-11 21:23:05'),('482410009c8c9b107a8659a7e077967c','a5c425d0c67180c1d466eb9d36ce0b51','beneficiario',NULL,0,'','2014-02-18 06:00:00'),('4ba29b9f9e5732ed33761840f4ba6c53','eccbc87e4b5ce2fe28308fd9f2a7baf3','Desempleado','codigo',0,'sesion','2014-05-11 21:23:06'),('4e732ced3463d06de0ca9a15b6153677','c9f0f895fb98ab9159f51fd0297e236d','Atencion firmas','codigo',0,'sesion','2014-05-11 21:23:06'),('53637568894aaae527e7834f56fd5ece','d4b8575e2a70a76e1309738ae3662d50','previo',NULL,0,'','2014-02-18 06:00:00'),('59ffe8d098dfaf0fb0ea0e571ea96ae4','3ebb1561cb763bb2e6434018565b2a55','fecha',NULL,0,'','2014-02-18 06:00:00'),('6364d3f0f495b6ab9dcf8d3b5c6e0b01','6512bd43d9caa6e02c990b0a82652dca','Terreno','codigo',0,'sesion','2014-05-11 21:23:06'),('642e92efb79421734881b53e1e1b18b6','aab3238922bcc25a6f606eb525ffdc56','SubFormulario','subform',0,'sesion','2014-05-16 16:06:19'),('6512bd43d9caa6e02c990b0a82652dca','c81e728d9d4c2f636f067f89cc14862c','Casado','codigo',0,'sesion','2014-05-11 21:23:05'),('67c6a1e7ce56d3d6fa748ab6d9af3fd7','aab3238922bcc25a6f606eb525ffdc56','Titulo','header',0,'sesion','2014-05-16 16:06:19'),('68d30a9594728bc39aa24be94b319d21','98f13708210194c475687be6106a3b84','Gobierno Federal','codigo',0,'sesion','2014-05-27 22:50:26'),('6c8349cc7260ae62e3b1396831a8398f','aab3238922bcc25a6f606eb525ffdc56','Campo de texto','text',0,'sesion','2014-05-16 16:06:19'),('6ea9ab1baa0efb9e19094440c317e21b','c9f0f895fb98ab9159f51fd0297e236d','Registro','codigo',0,'sesion','2014-05-11 21:23:06'),('6f4922f45568161a8cdf4ad2299f6d23','eccbc87e4b5ce2fe28308fd9f2a7baf3','Servidor Publico','codigo',0,'sesion','2014-05-11 21:23:06'),('70efdf2ec9b086079795c442636b55fb','eccbc87e4b5ce2fe28308fd9f2a7baf3','Ama de casa','codigo',0,'sesion','2014-05-11 21:23:06'),('735b90b4568125ed6c3f678819b6e058','70efdf2ec9b086079795c442636b55fb','Credito','codigo',0,'sesion','2014-05-11 21:23:07'),('7cbbc409ec990f19c78c75bd1e06f215','6f4922f45568161a8cdf4ad2299f6d23','Liquidacion de la operacion','codigo',0,'sesion','2014-05-11 21:23:07'),('7f39f8317fbdb1988ef4c628eba02591','c74d97b01eae257e44aa9d5bade97baf','No Pagado','codigo',0,'sesion','2014-05-11 21:23:07'),('83c2c314232140f58ec3ce100efd8ed5','3fb34d37e98d48291ea3af981b992ccc','Distrito Federal',NULL,0,'','2014-03-10 06:00:00'),('8e296a067a37563370ded05f5a3bf3ec','c9f0f895fb98ab9159f51fd0297e236d','Elaboracion','codigo',0,'sesion','2014-05-11 21:23:06'),('8f14e45fceea167a5a36dedd4bea2543','45c48cce2e2d7fbdea1afc51c7c6ad26','Moneda','codigo',0,'sesion','2014-05-11 21:23:05'),('908c9a564a86426585b29f5335b619bc','c9f0f895fb98ab9159f51fd0297e236d','Gestion de libros','codigo',0,'sesion','2014-05-11 21:23:06'),('93db85ed909c13838ff95ccfa94cebd9','98f13708210194c475687be6106a3b84','Gobierno Municipal','codigo',0,'sesion','2014-05-27 22:50:26'),('9778d5d219c5080b9a6a17bef029331c','1f0e3dad99908345f7439f8ffabdffc4','Certificado De Matricula Consular','codigo',0,'sesion','2014-05-27 22:50:26'),('98f13708210194c475687be6106a3b84','eccbc87e4b5ce2fe28308fd9f2a7baf3','Empleado','codigo',0,'sesion','2014-05-11 21:23:06'),('9a1158154dfa42caddbd0694a4e9bdc8','aab3238922bcc25a6f606eb525ffdc56','Lista desplegable opción multiple','sel-check',0,'sesion','2014-05-16 17:15:34'),('9bf31c7ff062936a96d3c8bd1f8f2ff3','eccbc87e4b5ce2fe28308fd9f2a7baf3','Profesional','codigo',0,'sesion','2014-05-11 21:23:06'),('9f61408e3afb633e50cdf1b20de6f466','9bf31c7ff062936a96d3c8bd1f8f2ff3','Fecha','codigo',0,'sesion','2014-05-11 21:23:07'),('a1d0c6e83f027327d8461063f4ac58a6','c20ad4d76fe97759aa27a0c99bff6710','==','codigo',0,'sesion','2014-05-11 21:23:06'),('a3f390d88e4c41f2747bfa2f1b5f87db','6f4922f45568161a8cdf4ad2299f6d23','Impuesto','codigo',0,'sesion','2014-05-11 21:23:07'),('a5771bce93e200c36f7cd9dfd0e5deaa','c20ad4d76fe97759aa27a0c99bff6710','>','codigo',0,'sesion','2014-05-11 21:23:06'),('a5bfc9e07964f8dddeb95fc584cd965d','c51ce410c124a10e0db5e4b97fc2af39','Foraneo','codigo',0,'sesion','2014-05-11 21:23:06'),('a684eceee76fc522773286a895bc8436','9bf31c7ff062936a96d3c8bd1f8f2ff3','Texto','codigo',0,'sesion','2014-05-11 21:23:07'),('a87ff679a2f3e71d9181a67b7542122c','45c48cce2e2d7fbdea1afc51c7c6ad26','Texto','codigo',0,'sesion','2014-05-11 21:23:05'),('aab3238922bcc25a6f606eb525ffdc56','eccbc87e4b5ce2fe28308fd9f2a7baf3','Estudiante','codigo',0,'sesion','2014-05-11 21:23:05'),('ad61ab143223efbc24c7d2583be69251','1f0e3dad99908345f7439f8ffabdffc4','Pasaporte','codigo',0,'sesion','2014-05-27 22:50:18'),('b53b3a3d6ab90ce0268229151c9bde11','9bf31c7ff062936a96d3c8bd1f8f2ff3','Lista Desplegable','codigo',0,'sesion','2014-05-11 21:23:07'),('b6d767d2f8ed5d21a44b0e5886680cb9','8f14e45fceea167a5a36dedd4bea2543','Moral','codigo',0,'sesion','2014-05-11 21:23:06'),('c0c7c76d30bd3dcaefc96f40275bdc0a','aab3238922bcc25a6f606eb525ffdc56','Lista tipo test','radio',0,'sesion','2014-05-16 16:06:19'),('c16a5320fa475530d9583c34fd356ef5','c9f0f895fb98ab9159f51fd0297e236d','Cotejo','codigo',0,'sesion','2014-05-11 21:23:06'),('c20ad4d76fe97759aa27a0c99bff6710','c81e728d9d4c2f636f067f89cc14862c','Divorciado','codigo',0,'sesion','2014-05-11 21:23:05'),('c5066a1b2d4418a7bb4fae3bbeb1cbba','3ebb1561cb763bb2e6434018565b2a55','int',NULL,0,'','2014-02-18 06:00:00'),('c51ce410c124a10e0db5e4b97fc2af39','c81e728d9d4c2f636f067f89cc14862c','Viudo','codigo',0,'sesion','2014-05-11 21:23:05'),('c74d97b01eae257e44aa9d5bade97baf','eccbc87e4b5ce2fe28308fd9f2a7baf3','Jubilado','codigo',0,'sesion','2014-05-11 21:23:06'),('c7d16a3bd692fcfe71a5eef77e5d3438','a5c425d0c67180c1d466eb9d36ce0b51','entidad',NULL,0,'','2014-02-27 06:00:00'),('c7e1249ffc03eb9ded908c236bd1996d','98f13708210194c475687be6106a3b84','Gobierno Del Distrito Federal','codigo',0,'sesion','2014-05-27 22:50:26'),('c81e728d9d4c2f636f067f89cc14862c','d3d9446802a44259755d38e6d163e820','Posterior','codigo',0,'sesion','2014-05-11 21:23:05'),('c9f0f895fb98ab9159f51fd0297e236d','c4ca4238a0b923820dcc509a6f75849b','Mexicana','codigo',0,'sesion','2014-05-11 21:23:05'),('d09bf41544a3365a46c9077ebb5e35c3','1f0e3dad99908345f7439f8ffabdffc4','Cartilla Militar','codigo',0,'sesion','2014-05-27 22:50:18'),('d0fb963ff976f9c37fc81fe03c21ea7b','eccbc87e4b5ce2fe28308fd9f2a7baf3','Empleador','codigo',0,'sesion','2014-05-11 21:23:06'),('d1fe173d08e959397adf34b1d77e88d7','1f0e3dad99908345f7439f8ffabdffc4','Cedula Profecional','codigo',0,'sesion','2014-05-27 22:50:26'),('d2ddea18f00665ce8623e36bd4e3c7c5','1f0e3dad99908345f7439f8ffabdffc4','Credencial INE','codigo',0,'sesion','2014-05-27 22:50:18'),('d3d9446802a44259755d38e6d163e820','c81e728d9d4c2f636f067f89cc14862c','Soltero','codigo',0,'sesion','2014-05-11 21:23:05'),('d645920e395fedad7bbbed0eca3fe2e0','c20ad4d76fe97759aa27a0c99bff6710','>=','codigo',0,'sesion','2014-05-11 21:23:06'),('d67d8ab4f4c10bf22aa353e27879133c','c20ad4d76fe97759aa27a0c99bff6710','<','codigo',0,'sesion','2014-05-11 21:23:06'),('d82c8d1619ad8176d665453cfb2e55f0','aab3238922bcc25a6f606eb525ffdc56','SiNo','singlechk',0,'sesion','2014-05-21 02:11:57'),('d9d4f495e875a2e075a1a4a6e1b9770f','aab3238922bcc25a6f606eb525ffdc56','Campo de fecha','datetime',0,'sesion','2014-05-16 16:06:19'),('e2c420d928d4bf8ce0ff2ec19b371514','6f4922f45568161a8cdf4ad2299f6d23','Anticipo de la operacion','codigo',0,'sesion','2014-05-11 21:23:07'),('e369853df766fa44e1ed0ff613f563bd','6512bd43d9caa6e02c990b0a82652dca','Comercial','codigo',0,'sesion','2014-05-11 21:23:06'),('e4da3b7fbbce2345d7772b0674a318d5','45c48cce2e2d7fbdea1afc51c7c6ad26','Entero','codigo',0,'sesion','2014-05-11 21:23:05'),('ea5d2f1c4608232e07d3aa3d998e5135','70efdf2ec9b086079795c442636b55fb','Efectivo','codigo',0,'sesion','2014-05-11 21:23:07'),('eccbc87e4b5ce2fe28308fd9f2a7baf3','d3d9446802a44259755d38e6d163e820','Previo','codigo',0,'sesion','2014-05-11 21:23:05'),('f033ab37c30201f73f142449d037028d','1f0e3dad99908345f7439f8ffabdffc4','Identificacion Oficial','codigo',0,'sesion','2014-05-27 22:50:26'),('f457c545a9ded88f18ecee47145a72c0','aab3238922bcc25a6f606eb525ffdc56','Lista desplegable','select',0,'sesion','2014-05-16 16:06:19'),('f7177163c833dff4b38fc8d2872f1ec6','c20ad4d76fe97759aa27a0c99bff6710','Exp. Reg.','codigo',0,'sesion','2014-05-11 21:23:06'),('fbd7939d674997cdb4692d34de8633c4','98f13708210194c475687be6106a3b84','Instituto Nacional Electoral','codigo',0,'sesion','2014-05-27 22:50:18'),('fc490ca45c00b1249bbe3554a4fdf6fb','70efdf2ec9b086079795c442636b55fb','Tarjeta','codigo',0,'sesion','2014-05-11 21:23:07'),('fe9fc289c3ff0af142b6d3bead98a923','98f13708210194c475687be6106a3b84','Secretaria De Educacion Publica','codigo',0,'sesion','2014-05-27 22:50:26');
